"index","a","b","c","d","e","f","g","h","i","j","k","response"
486,29.0638319381435,54,30.2139415145189,108,29.490485304061,"#71008D",2,27.5649433965013,5.19615242270663,0.5,108.827599988758,852.226820778912
193,45.3809504114545,129,42.1325343470423,91,44.2265732373741,"#E2001C",3,44.9086922178311,6.557438524302,2.5,89.6614326856077,17000.4746992261
606,27.4247757139849,52,25.9692427416893,88,26.8316901191974,"#71008D",3,26.3376266693411,5.09901951359278,1.5,86.4389266073094,2480.02456237897
252,40.0381115557117,78,40.6568438479406,82,35.100432407916,"#FF0000",1,39.0087537455314,6.2449979983984,1,81.6115585797652,2720.62170604145
773,32.0255255734461,58,28.5989053175617,95,27.7948910549346,"#FF0000",2,29.3754483083382,5.3851648071345,1.5,95.2843409796273,2811.93624364656
565,33.2319213891493,102,37.5853963735222,116,28.8923860994681,"#71008D",1,34.9271193350818,5.8309518948453,1.5,113.82762097801,4643.08573182949
640,20.8251650781736,34,16.9066872255461,104,18.1819765270408,"#C60038",2,17.0080727079184,4.12310562561766,2.5,104.108847793433,1682.64840656673
526,21.2610037476473,54,19.6484238213627,99,18.7768781498892,"#5500AA",5,18.5166671739417,4.24264068711928,0.5,101.024218536205,418.621061433278
307,31.9486895899701,58,29.5717494277496,93,28.0941942269255,"#1C00E2",4,29.6405652820995,5.3851648071345,0.5,92.2715488770592,860.151700332179
14,37.9148788012494,70,34.237394515143,87,34.8241373364459,"#3800C6",1,35.0644095865437,5.91607978309962,2,88.3318013285967,4464.76047136102
510,37.5515670348127,70,37.4278925170862,82,36.5971690244469,"#FF0000",4,35.0035635012876,5.91607978309962,1.5,80.5367953617927,3811.72082899209
177,14.8777597817034,26,14.1013129693735,133,10.4963531151489,"#AA0055",2,14.1963898040082,3.60555127546399,2.5,133.761530789271,954.168494873617
174,28.3340679358872,52,25.0767582025138,82,23.5646010226632,"#FF0000",1,27.2196245953171,5.09901951359278,2,82.1615155326792,2437.41288441214
466,23.1196038554742,40,20.1783451515895,111,23.3670726785036,"#FF0000",5,20.0082495473886,4.47213595499958,2.5,110.715203740768,1707.48754346806
625,42.4878679868065,82,43.5926346668905,93,40.4974544490414,"#E2001C",1,41.1638570378791,6.40312423743285,2.5,94.5086456607497,7705.08158744954
797,30.928277081041,87,28.0348733838005,79,28.666276999781,"#3800C6",5,30.2188950322337,5.3851648071345,1.5,77.0382724748901,3066.23124620925
643,22.5791447186281,44,23.2173658230423,97,22.9078357577952,"#1C00E2",5,22.0741687036963,4.69041575982343,1,96.6548905447985,794.615636167058
20,23.5906961262426,46,23.1963212389695,108,22.9235118067795,"#C60038",3,23.569225305717,4.79583152331272,1.5,108.627767622827,1928.22050177368
180,18.41483572451,30,13.4376211732208,114,15.4887288298123,"#0000FF",3,15.4336651565452,3.87298334620742,0.5,112.562454558673,278.55191774139
462,50.3996339546368,96,48.9624528879156,87,48.3267493868135,"#3800C6",2,48.8211678560516,6.92820323027551,1.5,86.4078506068276,7745.48478003286
472,79.5316826254761,231,75.6466155819121,87,73.7728450550391,"#71008D",1,79.2239840301874,8.77496438739212,1.5,85.9625514648764,24023.3352407053
96,18.7184226717585,34,16.5776464536149,104,17.3206547898092,"#3800C6",4,17.1916223492323,4.12310562561766,1,104.186067377477,590.482821975498
947,69.1644413501438,134,67.6991087450139,117,67.0137260750282,"#FF0000",3,67.2350003488596,8.18535277187245,1.5,117.867293655539,16313.4035129343
769,27.9338641153134,84,27.6010975952653,108,27.3541963439521,"#71008D",5,29.1656472654882,5.29150262212918,1.5,108.840911929031,2825.34578718061
959,19.5906405917314,40,21.7898297969846,78,17.8863171582918,"#71008D",4,20.2647802782989,4.47213595499958,1.5,78.0716833419617,1196.45049724564
319,11.1386267947886,30,12.9874717303691,107,7.64019160008342,"#C60038",1,10.6979625572226,3.16227766016838,1.5,107.673402750907,426.633849478863
303,51.2976800687189,100,51.7436004876292,121,50.4347604218782,"#FF0000",4,50.0211279051021,7.07106781186548,2,119.055725076227,10137.9424804094
338,33.8081921380527,64,29.2286381661751,70,31.2942030358062,"#1C00E2",2,33.2237558749289,5.65685424949238,1.5,68.8888363294276,3370.68598454944
44,6.01379081880637,10,6.67801810041337,101,8.21446912452237,"#E2001C",3,5.00037651641727,2.23606797749979,2.5,100.927593426806,187.367520787762
196,52.9384850600209,102,50.3774018919876,112,49.9843042016729,"#E2001C",4,51.2523518095758,7.14142842854285,2,113.874949023006,10429.4187019239
573,4.91274446718746,6,3.7766348543037,116,3,"#8D0071",4,3.15557687733722,1.73205080756888,0.5,113.473858833373,8.18083255266956
59,35.5810896264144,105,36.3552487948934,94,36.821435116972,"#AA0055",4,35.2941163337568,5.91607978309962,2,92.9530830868014,7521.13245771234
630,28.328285766782,52,25.7510667443444,110,25.6193402241744,"#AA0055",3,27.6823995550944,5.09901951359278,2.5,111.232505129405,4162.72258458974
97,32.0383774260682,93,31.9803463402655,129,30.1327161168055,"#AA0055",1,31.4136101763944,5.56776436283002,0.5,130.274932046135,1312.72440104443
430,26.3836234823866,72,22.5839697578734,115,25.6895274841978,"#71008D",4,24.0007818491882,4.89897948556636,2,114.914048884792,3533.4616430058
315,39.8112535006894,111,36.3736466784579,116,32.5870308135808,"#AA0055",3,37.0294342634157,6.08276253029822,1.5,116.354274987715,7305.09683062322
500,57.1734812291204,110,56.3640717226448,88,54.1335713027778,"#FF0000",2,55.3587800714121,7.41619848709566,1.5,86.8382577660171,10093.3237847982
678,35.7317087206846,102,30.9835092921269,104,37.6552553168608,"#71008D",1,35.0983188751399,5.8309518948453,1.5,103.550267120207,4776.88080444073
160,20.9564927352994,57,21.3762360738988,122,20.3882116975494,"#3800C6",1,19.0719875617123,4.35889894354067,1.5,122.3981995836,1552.6013625572
614,32.857383213395,93,31.8098317316175,76,33.0904432122101,"#E2001C",3,31.250586380032,5.56776436283002,1,77.2426857252507,3574.62670379677
638,25.8356408135373,48,22.4614443732839,100,24.7609445995221,"#8D0071",4,24.7458955881777,4.89897948556636,2.5,100.565730331795,2925.8599393203
922,6.32780246319463,12,4.9190953318822,107,4.10926515810462,"#C60038",3,5.80750349827413,2,0.5,106.627654287127,36.8633339772228
883,22.3813664210891,60,19.5078457918405,130,19.7283971565269,"#E2001C",3,20.1135049342627,4.47213595499958,1,130.12415526491,1466.05220123847
579,24.1904762472779,63,23.4542317226989,114,18.4006683538428,"#E2001C",1,21.3276132916681,4.58257569495584,1,115.456910650748,1230.40661289038
427,27.1154980553135,52,27.0741714005494,97,24.1074784045834,"#FF0000",4,26.2143555758513,5.09901951359278,1.5,94.7174525581766,2034.69690616442
297,16.0951452485617,32,16.089836849108,114,11.4140571390387,"#AA0055",5,19.9904418608708,4,2.5,114.421084095962,1019.16644214498
988,43.6690783316901,129,44.9544354030078,87,40.4349864158508,"#3800C6",4,43.0213726334987,6.557438524302,0.5,89.149646096217,2777.68000501043
674,30.3885680180486,58,28.3471618090776,121,28.423753503383,"#AA0055",1,29.0721816731997,5.3851648071345,2.5,121.914796389007,3793.46125298581
982,56.9856891351867,112,57.5283649914726,129,52.4387465652072,"#E2001C",5,56.918161940101,7.48331477354788,1,127.591422843087,5014.87907320795
351,27.9492037954806,81,26.1259671651141,122,24.9349457257898,"#5500AA",4,27.4577686415159,5.19615242270663,1.5,123.268902030041,3244.53851549802
129,37.8624980289618,72,35.2637155815713,101,36.7359980903927,"#1C00E2",3,37.0144353464935,6,2,101.645175024187,6320.862096983
864,39.0793485726931,114,40.2306820505354,71,36.3142884449969,"#FF0000",5,40.3128801159968,6.16441400296898,2,70.1969974321142,7074.02602367254
61,21.7863796217432,57,18.0903163658584,91,20.1754325142372,"#8D0071",3,19.1432654267011,4.35889894354067,1,92.5138166021286,1345.82680554455
502,40.722075950839,78,39.6962057672902,111,40.0482443623022,"#71008D",2,40.4747247038429,6.2449979983984,1.5,110.750964595797,5147.23875978302
734,10.3779313037008,18,10.9158844958538,105,11.6526717431416,"#C60038",3,9.48861221211524,3,1.5,104.73031139936,335.029757810538
937,63.0039613324528,122,59.9005171177648,79,61.2239827303951,"#C60038",5,61.0163808959068,7.81024967590665,0.5,81.5289394679627,2991.50259813479
712,11.3368124147933,33,10.0345933681783,38,12.8101285311278,"#E2001C",1,12.0766383988632,3.3166247903554,2.5,39.0711144803157,852.354979267811
11,29.2297626376993,54,27.1315550273425,117,29.2299435969908,"#AA0055",3,27.7463361601567,5.19615242270663,1.5,116.469725925993,2729.63261981335
316,11.418243808794,24,5.06792442402309,98,6.09082876289368,"#8D0071",4,8.02163141243423,2.82842712474619,1.5,100.094676906677,281.004801445321
979,18.4675681297351,34,16.2727835551848,101,16.351631083249,"#C60038",5,17.0069889694974,4.12310562561766,1.5,101.51571254536,695.923321924717
559,13.0653689014556,20,10.6344604335948,88,7.88993077559099,"#8D0071",4,10.0492161242144,3.16227766016838,1.5,89.5298467549062,312.363704164041
726,18.2376168906118,42,13.7092913248892,131,12.3888674810909,"#E2001C",5,18.2865998221939,3.74165738677394,0.5,129.537149684184,255.988331427305
847,36.7071955649005,102,34.0710468747089,73,28.9298330593895,"#E2001C",2,35.2212812463325,5.8309518948453,1.5,73.2273883946299,5687.38953644249
687,45.6509303163277,86,43.1071897144686,113,42.0117959008001,"#C60038",2,43.055670717199,6.557438524302,2.5,112.541397823163,10255.3916463112
292,18.5567013744417,34,21.4809203838589,114,17.3231201418361,"#FF0000",2,17.6106894366048,4.12310562561766,1.5,113.266459403992,1032.18591900223
464,50.9162372352125,147,49.9232108895651,131,47.5476780344873,"#E2001C",3,50.1727493248747,7,0.5,131.574594455342,4369.53079799556
629,19.4767085606733,51,18.2068224973467,108,15.2020819894958,"#E2001C",3,23.0783892546767,4.12310562561766,2,108.963761127347,2278.72253748502
16,9.29837608951002,21,4.88144969643752,104,11.082626341501,"#C60038",5,7.32768969409966,2.64575131106459,0.5,104.913289168336,68.4247274285365
342,48.4305346004392,138,44.6611880735666,108,44.6623345180193,"#E2001C",3,46.2786327464099,6.78232998312527,1.5,109.946269904704,11429.9703060462
183,32.4992396453254,96,32.9946138619107,109,34.3593928236656,"#E2001C",5,32.2399595291714,5.65685424949238,1.5,107.673242179831,3779.38070519591
197,26.3645899139958,72,24.8964054496409,71,22.3981290265253,"#C60038",1,24.0076061298621,4.89897948556636,1.5,69.4127817949789,2365.61402310425
795,23.4532644818409,44,23.0844163440587,160,21.7748195433932,"#E2001C",3,29.2925533038576,4.69041575982343,1,160.262930156603,1263.29229694507
412,21.8801655848687,44,22.0461284860539,96,22.3753276340529,"#E2001C",1,27.2241595955184,4.69041575982343,1,96.1142478383382,916.078435738249
781,20.812831707414,63,20.2993021943447,139,21.0819727487513,"#FF0000",2,21.0046806539431,4.58257569495584,2,139.663002070341,2890.05338614978
454,20.3364154642238,38,19.0978159188655,94,16.695424750036,"#AA0055",5,20.5056542674182,4.35889894354067,2.5,92.8690412512483,1453.52575933951
273,26.7628284402304,81,27.2794691413073,96,26.6231191474811,"#3800C6",5,27.0004670651255,5.19615242270663,2.5,94.7133000878384,4361.88793501812
364,5.95647632586068,8,4.20590945018439,69,4.40388487462665,"#AA0055",1,4.31682469232746,2,1.5,67.4033513948089,48.8308373356871
312,6.50234223621863,8,4.90429346532004,93,7.34199461079633,"#5500AA",3,4.02725346036889,2,0.5,93.6724535655323,26.377301987328
445,33.6427569995842,99,32.6461638520174,58,30.5244108280139,"#0000FF",2,33.6111877121185,5.74456264653803,1,58.408006839966,3560.79403919193
54,16.608775689929,45,15.1569479905458,113,16.7555677214687,"#C60038",3,15.1416700634834,3.87298334620742,2,113.505905147267,1699.62587280049
460,13.7755328856495,24,12.3999729897838,95,14.1514646084198,"#E2001C",4,12.4984555064065,3.46410161513775,1,95.9890508866222,313.151095639868
421,46.1928815871483,88,44.4517492284717,79,46.9583438417043,"#FF0000",3,44.4131829527822,6.6332495807108,1.5,78.4518849523262,7160.6437580405
722,21.2619003173821,63,20.5664272840772,117,22.1162818040931,"#71008D",5,21.1405910688446,4.58257569495584,0.5,116.496394535703,536.165804926664
603,16.9345941546625,45,15.4743537587483,115,13.929772174251,"#5500AA",4,15.0889680735581,3.87298334620742,1,115.383135974871,688.232329425851
879,10.9530936832641,16,9.40240703340828,100,8.69344743400249,"#FF0000",5,8.03163481633362,2.82842712474619,1.5,100.06835567245,173.177794265763
664,15.0123463579877,39,11.7302864369211,86,16.5540874000801,"#8D0071",3,16.4675959089758,3.60555127546399,1.5,86.432845890862,1023.04384399052
337,26.1772043812966,72,25.2441466096681,83,24.6975991431714,"#AA0055",5,24.0176275601289,4.89897948556636,0.5,83.5105212893713,716.537208808337
893,22.989333736766,42,22.3676440687181,100,22.2850995073849,"#3800C6",1,21.2537830995693,4.58257569495584,0.5,98.230527201324,415.636879560341
428,33.5585985257086,62,31.943506666397,94,30.5034231015222,"#AA0055",4,31.4006694725742,5.56776436283002,1.5,93.7080808236243,2948.06335927498
840,74.3093937046575,142,69.9789724853695,105,69.7939884704115,"#3800C6",1,71.1671275781284,8.42614977317636,1,104.25746322237,9104.99422924014
663,33.4746768772915,62,31.0537341212031,89,31.0839447673526,"#C60038",2,31.1258022690329,5.56776436283002,1,89.1464267876733,2151.69490238344
730,23.5534254031004,42,24.0232366260611,104,22.2786799912886,"#71008D",4,22.2198024031865,4.58257569495584,2.5,104.927420744293,2376.50545364066
745,11.0643597130509,30,9.86563251790147,106,8.90585251830064,"#E2001C",4,10.6383760866765,3.16227766016838,1.5,107.557367982628,456.825355505994
99,20.6975866366384,32,14.0275776565449,57,11.6595068467678,"#8D0071",3,17.5114274792354,4,1.5,55.644094123473,919.047150216502
584,21.1217869527316,60,20.3594746858688,67,18.310218335685,"#FF0000",1,21.9559570064622,4.47213595499958,0.5,67.7334333265583,552.169593022596
469,33.3436014184186,58,29.7624960377571,75,27.3320039695431,"#5500AA",3,30.0134888454874,5.3851648071345,0.5,75.3270688298692,1041.51013711746
918,24.4258161772109,66,20.5770973493829,100,22.5031106387565,"#3800C6",5,22.861979635129,4.69041575982343,1,101.281192548577,1187.88731268164
705,17.9351917673736,45,14.0534845166564,93,16.7531129915907,"#C60038",4,15.1740893837949,3.87298334620742,1.5,94.7582154285271,1067.12257733064
471,33.3624810778693,62,30.4092905884381,112,28.8717805699615,"#8D0071",5,31.7209621983845,5.56776436283002,1.5,113.989693108348,2313.81366789599
176,43.0682281967109,84,42.4414326252745,97,40.1670879433042,"#E2001C",3,46.2172476065699,6.48074069840786,1,96.8022912708683,4313.90525812756
311,45.9479961708595,90,47.281061228694,92,42.7434229296053,"#5500AA",3,45.0242998723543,6.70820393249937,1.5,90.9877214701708,7323.2833999992
139,18.6441491013499,48,15.6677435948368,131,14.1733755239175,"#1C00E2",4,16.6816784090473,4,2.5,129.098089874532,1947.10480897417
3,35.0127272150795,102,33.5929958477381,113,33.9950874666409,"#3800C6",5,34.10597667529,5.8309518948453,1.5,110.819713680768,4176.72186445301
56,17.0472955448483,48,16.516449029095,79,16.6021068076857,"#5500AA",2,16.158328635652,4,1,79.2558362647134,871.599177247201
682,13.8475718238846,22,11.4554542928165,136,7.90934291257113,"#71008D",3,11.0007329204508,3.3166247903554,2.5,135.406523006567,729.21946874291
440,27.2980002809112,78,25.9211729111242,74,21.727950922604,"#3800C6",1,26.0062865664154,5.09901951359278,2,72.622112472145,3565.47388439616
998,52.6976673574302,100,48.4771841558335,83,50.3435220472109,"#E2001C",1,51.3442165048647,7.07106781186548,1.5,83.4270969381172,6829.71702870228
142,49.5322943816692,96,48.6210266428115,73,46.8530462980378,"#C60038",1,48.2835623172348,6.92820323027551,0.5,72.1088780134663,2084.85387010093
931,27.9577792027574,75,24.29562423972,109,22.8205306543088,"#FF0000",2,26.2201838611656,5,1.5,109.036007246792,3126.8154267061
168,37.58465949293,64,34.4374716805287,64,32.4213958633585,"#3800C6",5,32.2211365347428,5.65685424949238,1.5,64.8432781449108,2591.53251060407
516,33.8931002137163,62,32.3405773256748,105,28.1553310841092,"#C60038",4,31.362746724853,5.56776436283002,2,103.860341340159,3886.30387397932
270,12.5948534638512,30,10.0749624618669,80,10.6535999426773,"#71008D",1,10.0769009525935,3.16227766016838,1,79.0998048500832,287.461515683423
978,32.14930371968,90,29.6255812182962,90,30.0410434970214,"#C60038",5,30.0770415340403,5.47722557505166,1.5,90.1305531513421,3281.01870448256
429,19.7812624951537,36,17.9224454964816,101,15.3431270629218,"#71008D",2,18.0054937760262,4.24264068711928,1,100.465582064323,704.760026402544
80,78.2756462782867,228,77.5788166055338,120,77.9259645624797,"#5500AA",1,76.4109475335318,8.71779788708135,1.5,119.362600709166,23775.3036444676
552,40.957873599425,114,40.296833195785,114,38.8432871595064,"#C60038",3,38.1454712304399,6.16441400296898,2,114.810988548071,10739.2534034798
330,18.7578316994575,48,16.810244286892,104,15.9963603759944,"#E2001C",5,16.0000586214916,4,2,103.982771274677,1283.53341422639
954,18.9430111151294,51,17.6141316539469,106,16.4121763835403,"#1C00E2",2,17.0027230731371,4.12310562561766,2,106.01696285631,1951.66959040222
544,41.5488352817378,120,41.1569800354292,125,34.7483021950342,"#C60038",2,41.5268926304954,6.32455532033676,2.5,125.514379804368,13134.2610492223
381,24.7968025662461,44,22.9941649611386,134,20.1998157691274,"#FF0000",5,22.163507228531,4.69041575982343,2.5,130.918911839313,1970.83442508007
2,9.86418386342011,24,8.20728553141709,80,9.82954973543923,"#71008D",2,8.66243007464839,2.82842712474619,2.5,79.595736137277,589.833265642285
740,13.505399314467,36,13.1827672877239,124,10.9952388751893,"#E2001C",4,13.5387097633409,3.46410161513775,1.5,124.69274407439,685.491588674178
285,33.1619045547646,96,31.0916685258478,107,33.5317331532322,"#FF0000",5,32.1898292099687,5.65685424949238,0.5,106.576660149026,1243.54570035751
635,24.3391667577892,69,23.0472006059695,93,22.0973365202131,"#FF0000",4,23.4420541608823,4.79583152331272,2,94.5903365549552,3203.14125859293
590,19.7895767537696,34,18.7020619989751,126,18.9103691777268,"#0000FF",4,17.0064072354495,4.12310562561766,0.5,126.919031046319,313.70764261045
871,15.8246377169762,42,11.1590608046949,68,14.3170934289166,"#AA0055",1,15.4567627395523,3.74165738677394,1.5,68.1731288497862,803.563799035975
217,24.3634632612227,66,23.1007026361613,100,24.745815562959,"#C60038",1,22.9469215399274,4.69041575982343,1.5,100.073898140141,2088.80990960496
178,25.3385284234618,44,21.458427900249,125,23.189855436811,"#C60038",4,23.5044580566809,4.69041575982343,2,124.638349554831,2033.2846983376
481,36.2056171355821,72,36.2298976336205,126,37.5214064895195,"#8D0071",3,37.668868576486,6,1.5,124.207148958458,4758.78762148705
473,12.5480422383398,27,8.69327791161614,121,10.1996221773949,"#FF0000",1,9.0016553708257,3,2,119.195781102326,480.777830728602
35,73.2954615115594,213,71.2477411053,94,70.4516048702954,"#8D0071",2,71.3758482033475,8.42614977317636,2.5,92.9362947560869,41866.9086088985
413,38.8524430888247,72,36.7591082855871,95,38.5172442504272,"#71008D",5,36.287239206844,6,1.5,95.4540619985784,3223.72314389006
361,26.8556356904435,46,21.6746190227461,101,23.4390960217466,"#FF0000",3,23.0395216305294,4.79583152331272,0.5,101.274501267195,652.683476724564
845,23.5834375365531,48,23.6706839502113,120,25.7195869204189,"#C60038",4,29.6525810025167,4.89897948556636,2,118.321915400752,2431.54667206699
716,19.0329694848505,51,19.8183347117289,98,16.5129624760737,"#E2001C",2,17.3310062334539,4.12310562561766,2,97.703286225716,2014.46521023876
257,46.343883000393,90,45.3000456037237,100,45.8446127149472,"#E2001C",3,45.9129202455728,6.70820393249937,0.5,100.859407793312,2469.59519269139
785,21.7271135527758,36,20.7316398326311,107,16.3652145384731,"#5500AA",5,20.4752067411471,4.24264068711928,2,107.673067840961,1123.55955998207
202,25.9141443394081,48,23.677249222491,103,24.7854825308415,"#8D0071",4,24.0002529329223,4.89897948556636,2,102.355722759096,2349.99660005182
132,22.6816471721461,63,22.1757453814939,103,22.1487124512539,"#3800C6",2,21.1310021988182,4.58257569495584,2.5,102.13710771843,3780.73787232706
704,17.8917810380875,34,16.0310374052802,88,17.7593520648032,"#71008D",1,18.547256035309,4.12310562561766,1.5,89.0781614905261,803.844297159671
376,9.06035377243819,12,4.84982760862709,118,4.05321169170344,"#3800C6",3,6.03319243474769,2.44948974278318,2.5,118.279213042968,217.254628697086
760,9.6550125586635,21,9.54835282944109,113,7.93566108410123,"#AA0055",2,9.93567248146055,2.64575131106459,1.5,112.688770736833,306.126434485741
290,58.597792997779,168,57.7772432004544,98,59.7327629938776,"#FF0000",1,56.1500399084232,7.48331477354788,1.5,99.7305908104092,13079.1061724106
866,12.944197031818,24,12.0276069142144,100,10.1830251037078,"#E2001C",5,12.2006312766446,3.46410161513775,1.5,100.575272437151,344.462723917127
850,40.413134587374,120,37.4181843283306,99,39.1468221815485,"#FF0000",2,40.9435775789373,6.32455532033676,1,96.7415130737216,5223.87488612515
143,27.321768936262,78,26.5687513673963,123,22.1437496643033,"#71008D",1,27.8496378632708,5.09901951359278,2.5,123.236105127174,4561.16127000343
340,34.43930365874,66,34.0569911462073,109,30.9905602949471,"#8D0071",1,38.7055696281268,5.74456264653803,1,108.179948083572,2033.94595385246
313,28.0998450231219,75,25.138657427628,73,27.0207060649042,"#FF0000",3,25.0077396250104,5,1.5,72.6080857905381,3517.81568558848
474,9.96148830060577,21,6.43412721502748,117,10.4659294107741,"#FF0000",2,11.8194072154725,2.64575131106459,1.5,115.289126931377,314.858125274604
867,54.2387442557997,100,51.2816936320541,95,49.7269187164046,"#FF0000",5,51.658639297001,7.07106781186548,1,95.5459883783566,4111.04192279851
478,11.1415086798772,27,11.2910044706737,90,10.1201867715104,"#8D0071",5,10.6630927099771,3,1.5,90.4797032724527,339.838039528061
27,31.6218089592136,58,27.9053462419632,72,26.5869218615682,"#8D0071",5,29.1046989010236,5.3851648071345,1.5,73.911322223161,2009.43668363882
253,36.0110496533565,102,35.7428493379341,94,33.318600163538,"#8D0071",4,34.7146757632207,5.8309518948453,0.5,92.9144355092277,1772.54361967333
819,59.2279149406949,114,57.3070318842391,110,59.4682615624742,"#AA0055",5,57.3229348710871,7.54983443527075,2,109.580492437469,10590.6781985074
194,46.2026195827933,86,43.9908567197078,76,41.387593317075,"#FF0000",5,45.3177677453323,6.557438524302,1.5,76.2608634709976,4540.97286668271
670,37.6365657362627,102,32.5773280387885,73,35.3684114653407,"#E2001C",3,34.0740657179352,5.8309518948453,1.5,73.1515885391236,6377.81353012889
949,24.0792561846256,69,24.0296798230577,105,22.7006053471798,"#AA0055",2,23.340916330387,4.79583152331272,1.5,106.3564956438,2669.87241713694
226,14.2448627099111,39,11.8972387471562,95,15.8443864806191,"#FF0000",2,13.0853912348,3.60555127546399,2,94.0660053341402,1168.17945193401
308,44.1563624605236,82,41.7313590018119,123,42.3264582890396,"#5500AA",4,41.0008194500827,6.40312423743285,1.5,122.706904609688,5172.99588496555
326,9.74998263886723,24,8.66136377599279,89,9.48479031514463,"#71008D",3,8.96376453771021,2.82842712474619,0.5,89.5213411167281,131.717856767747
645,28.0791007993726,72,26.9986202189154,120,22.802964573197,"#8D0071",2,25.3358033757789,4.89897948556636,0.5,117.63634788181,1005.19094050254
135,14.8210653831661,24,11.3830374242618,121,14.7854054134662,"#E2001C",1,12.2909396016132,3.46410161513775,1,120.683487175664,281.695021768896
853,35.0203381232291,99,32.4778750318337,90,34.4389327361347,"#E2001C",5,33.0337749983638,5.74456264653803,0.5,88.8383039641725,1330.1679974095
299,44.0003283772134,84,44.3780394386566,103,42.2282188595944,"#AA0055",2,42.7520905767768,6.48074069840786,2.5,103.574070603668,9952.14495965722
191,40.8260936540847,76,39.1585919829562,116,36.2446712331326,"#E2001C",3,38.8332910269888,6.16441400296898,1.5,115.695043254361,5283.88908972072
546,17.4399896655033,48,15.8551909701069,103,17.3200830184616,"#0000FF",5,18.0191297599443,4,0.5,103.361450617645,325.357521327466
122,29.8683829585915,56,27.0914432679762,91,29.4949039832806,"#3800C6",2,31.3299894232525,5.29150262212918,1,88.6979600363437,1795.76570591615
619,26.9046548412516,75,23.3844511708042,135,26.054418571457,"#E2001C",4,25.1486330510645,5,2,135.940927404549,3796.70565644187
79,25.0108081932986,72,23.1703861558045,95,23.8386601305817,"#8D0071",2,24.5444889783689,4.89897948556636,1.5,94.7141565471523,2865.32295711051
21,11.5012189753187,20,8.79832312013541,85,13.1948264846529,"#FF0000",2,13.560400052137,3.16227766016838,2.5,83.1533555646822,625.755810519366
156,16.468771568769,45,12.8743481801,114,11.9995581244107,"#5500AA",5,15.1314400699082,3.87298334620742,1,113.202325229,513.815974419953
837,38.841674867262,70,38.5006695301699,142,34.1092944652973,"#AA0055",5,35.0829830489218,5.91607978309962,2,143.510715365378,4067.88624618636
236,15.6264206510975,42,13.5727873130848,71,15.4827201208502,"#FF0000",2,15.8486424518262,3.74165738677394,2.5,71.0347853939463,1723.69096479538
309,36.0743524858976,96,35.8485218860828,133,34.6172590734974,"#8D0071",5,32.8647811695953,5.65685424949238,1.5,131.35800993567,3947.52724266695
589,29.4413405892391,81,27.5530998477121,111,24.2234925171612,"#FF0000",2,27.0672248441047,5.19615242270663,1.5,110.643152912292,3616.81542085863
971,31.8204310101973,58,29.3316973231578,99,29.8944420793853,"#71008D",4,29.2772363792942,5.3851648071345,1,100.153478494724,1735.30963728232
448,15.5473731132791,42,15.1018297177684,19,13.5059510858055,"#FF0000",2,14.090219223588,3.74165738677394,1,19.1001175506428,668.647365368317
651,41.775536542847,76,38.3074331567326,77,37.5686523065907,"#FF0000",4,38.0517262963104,6.16441400296898,0.5,76.8914047919265,1472.03685189078
975,50.1889358949035,150,49.8840209376566,91,52.1304652007339,"#FF0000",2,53.6239006239252,7.07106781186548,2.5,92.4301710799759,21107.1842903006
711,13.4261238276288,22,11.7611277361976,71,8.77075119564406,"#71008D",4,11.6509152036275,3.3166247903554,1.5,71.3395046825495,373.958363238996
974,25.4100521730517,66,22.6593556552689,81,21.440653115023,"#FF0000",1,22.8903662084201,4.69041575982343,1.5,82.5576933759849,2042.17330522041
597,25.8868631490768,48,23.386870844259,114,26.5293335385683,"#3800C6",1,24.1975307556494,4.89897948556636,2,115.681063413193,2144.41140182212
814,22.5471787210799,42,21.5758525227689,74,17.1890849550538,"#C60038",5,21.0282086815772,4.58257569495584,0.5,73.013324745379,347.236816343791
153,16.8285020432537,30,18.0014571533496,109,12.7888481885999,"#AA0055",5,15.6007087196682,3.87298334620742,1.5,110.335768219507,564.516284174581
728,30.894125331564,81,28.1133525938115,87,27.3264324682776,"#C60038",3,27.0530148956981,5.19615242270663,1.5,88.088738870437,4096.77148030792
956,23.9019238389935,42,22.4239910394875,105,19.6669798402735,"#71008D",2,21.9442669085385,4.58257569495584,1,105.271497055742,1008.85087049193
224,8.31601415812042,18,4.92269959055548,120,6.52293528375486,"#FF0000",5,6.0234159704536,2.44948974278318,1,119.151647091865,92.6926343001715
583,20.3799140754556,57,20.8648424090697,114,17.7712629160603,"#8D0071",5,19.0084028676358,4.35889894354067,1.5,114.980902904513,1329.27499953378
660,35.8477275912921,96,34.6422361812442,108,27.5455035174393,"#8D0071",5,32.3617698762862,5.65685424949238,0.5,107.952404768101,1247.16318620499
537,71.7943433501816,142,74.2175697839838,127,74.2403174887116,"#8D0071",1,71.6708369697354,8.42614977317636,1.5,125.971828396299,13913.4422398971
980,46.1978461262036,86,44.5359178016805,54,46.7147920443507,"#FF0000",1,43.1103989358253,6.557438524302,2,54.4632023894493,6923.84844634299
85,16.2114930341221,30,15.0314551602294,149,15.8126170241385,"#FF0000",5,15.0335063669528,3.87298334620742,2.5,149.90196785608,926.970826881395
854,29.8927902619378,54,24.8047085564771,48,26.0178184955613,"#5500AA",4,27.0830985281454,5.19615242270663,1.5,47.2612727778971,2184.99560942027
317,35.439169901703,99,31.7609384096884,123,32.8628538655795,"#71008D",5,33.7226330791132,5.74456264653803,2.5,121.79356162968,6605.50313377061
585,37.7714048531238,114,37.7174825557415,92,38.3073899144377,"#E2001C",4,42.2324162216747,6.16441400296898,1,91.1408659953241,4422.99507882082
195,52.1022057507321,147,50.77108649586,71,46.2470861401822,"#E2001C",5,49.0060870086847,7,1.5,70.7700914652874,8718.39179061708
935,15.2953484593378,30,13.0480582342799,91,16.7967249144987,"#E2001C",4,17.2193139900051,3.87298334620742,1.5,90.1116338790601,697.346644262154
416,41.8985721640769,82,43.0647846588018,124,39.0849955156591,"#FF0000",4,41.0279316407207,6.40312423743285,1.5,123.859916476201,5071.33650236596
929,44.1010765878506,123,41.1029689798214,108,38.8018180856502,"#E2001C",2,41.0000011903018,6.40312423743285,1,107.889803326874,5576.40850599534
392,25.7394732275252,72,26.1472715846635,112,26.9187843283122,"#5500AA",1,24.0000349935504,4.89897948556636,2,112.963327924685,3289.7635502793
314,49.8865048304142,138,44.5476618563077,105,46.4470424317489,"#1C00E2",4,46.007370600287,6.78232998312527,1.5,106.204920091099,9644.79212044767
145,20.5428468500891,51,19.1405196046668,96,13.7949195524115,"#8D0071",1,17.7229389323439,4.12310562561766,2.5,97.301134766616,2026.5192471284
293,32.9596665343257,96,31.0271648423874,96,33.8621498186707,"#8D0071",2,32.54755215336,5.65685424949238,2,93.8843660599022,6859.51393471084
789,30.4703025754287,87,28.9551838860128,113,31.9443571841394,"#AA0055",5,30.5906051205067,5.3851648071345,1.5,111.954113795658,3151.00828403157
508,43.2659059099238,126,41.717134365633,83,36.1430456428449,"#FF0000",2,43.6742503771616,6.48074069840786,2.5,82.4497263528102,14331.7130316353
733,4.99957455870518,15,3.8330678689942,114,6.04833604400077,"#FF0000",5,6.03230315136697,2.23606797749979,2,114.162058833938,125.545810624661
206,29.9670459964801,54,29.6336370156389,68,25.7291370359325,"#C60038",2,27.2289588759234,5.19615242270663,2.5,69.2731630882852,4148.16889713034
714,19.7907909597739,51,17.1841881583452,66,19.1561799200956,"#FF0000",5,20.3785673016952,4.12310562561766,2.5,66.3588366607655,1907.95725399493
746,30.4608373268203,56,30.2730413894689,84,30.3028907740889,"#C60038",3,30.3997364530107,5.29150262212918,1,83.8202601154551,2010.2468999946
55,54.3130004956714,108,52.533512720461,73,55.5003331503613,"#8D0071",1,58.1110242286166,7.34846922834953,2,73.0503881952814,10671.9723969332
624,19.4262881992587,34,18.8764841671723,81,15.9426064466169,"#8D0071",3,17.0549418585411,4.12310562561766,1.5,81.4658856886318,1081.26181070888
915,18.170236937543,32,15.2278917004304,125,15.467935364632,"#E2001C",1,16.8083284165943,4,1.5,125.706952562726,706.373703064612
167,29.0660477825631,81,28.5999772757777,117,29.1534525184145,"#C60038",2,28.2713942796622,5.19615242270663,2,116.086338067107,5065.20501102982
256,16.2181012614466,28,12.7356099585447,62,14.5810489618942,"#3800C6",1,17.4274107264784,3.74165738677394,1,60.6703884984703,377.479729876624
780,9.25399849945037,14,5.67087453080106,101,8.59443540225218,"#8D0071",3,9.02741100346749,2.64575131106459,0.5,100.535651386278,65.9741400387099
419,30.1377660665138,84,28.9857469844184,111,28.5444345012067,"#FF0000",5,28.0496862593128,5.29150262212918,1.5,111.320900212173,2899.66839785104
424,14.4607992766906,42,13.6650282187282,75,14.8049802211813,"#AA0055",3,14.961748694046,3.74165738677394,1.5,73.6586496331823,1086.67410256215
4,15.8319250146183,26,13.851329388541,97,13.2720191048275,"#E2001C",1,13.143003017031,3.60555127546399,2.5,97.1976315516274,809.647466894335
561,15.0817906797568,28,12.5273724975775,67,13.3315826866899,"#AA0055",1,14.166306555998,3.74165738677394,2.5,65.7877291008386,869.536589593118
298,22.8762448228544,63,22.4277104971735,73,18.5855862998713,"#E2001C",2,26.3217962256958,4.58257569495584,2.5,73.3937612434652,3854.86661759333
817,10.4573632596447,16,8.00402316383581,115,5.24722738684641,"#FF0000",4,8.65747840767015,2.82842712474619,2.5,114.279631056456,323.208368800433
543,25.5904191337877,72,26.059054978076,109,21.477832160355,"#E2001C",3,24.3044640565142,4.89897948556636,0.5,109.8138614154,1049.98435705565
124,23.4305020092319,66,22.3629554893697,79,22.7904473718734,"#AA0055",2,22.7635788996885,4.69041575982343,0.5,77.7113069943897,822.614039165776
15,27.4466033757205,78,27.9553109333879,82,30.4838073866252,"#1C00E2",3,26.1728699927134,5.09901951359278,0.5,81.9839650756277,1292.21238327949
305,10.6969768095141,22,11.3760271235037,100,8.26862027882263,"#5500AA",2,13.7263718414632,3.3166247903554,1.5,101.027221877968,402.820873224952
379,53.7963244990891,153,52.0803744543251,110,52.9227418610626,"#FF0000",1,51.9345256652124,7.14142842854285,1.5,110.607655334503,10813.8378106105
906,9.16075558667138,14,8.15477741294745,101,9.19247546377323,"#FF0000",3,9.03017582248321,2.64575131106459,1.5,102.294220119512,215.686668920324
243,50.1451253128805,147,49.4996841469232,75,46.6637980201067,"#8D0071",2,50.2529326249891,7,1.5,74.9156724442963,11912.105982933
173,29.7403513339432,56,28.137311566648,79,27.6522233082435,"#E2001C",4,28.0200539531818,5.29150262212918,0.5,77.3005744361636,792.980239343456
747,53.6676365373894,104,50.2362934416101,133,54.1044393638918,"#FF0000",5,52.2023973833721,7.21110255092798,2.5,133.603602858107,10908.5714986707
856,55.747969127945,162,56.7326616312778,68,55.1463073361054,"#1C00E2",1,54.1000708804642,7.34846922834953,1,68.1640001648554,8041.36358189896
344,32.9390257121441,60,30.1972789131426,109,29.3143896212661,"#AA0055",1,31.1980489283541,5.47722557505166,1,109.673625885689,1662.08005217468
328,15.2141990186389,36,12.3794005407056,79,7.83437246739344,"#E2001C",4,12.9595980859706,3.46410161513775,1.5,79.0677042214774,653.25346143873
269,9.49833329713519,16,8.37003102990591,118,6.08448543345625,"#71008D",2,8.55768101496398,2.82842712474619,1.5,115.539541228842,213.435143723278
525,22.6946587758966,40,19.1681509864823,100,19.0181235325837,"#AA0055",4,20.6351048878246,4.47213595499958,1.5,99.8916648663229,1218.08412305977
475,27.3384361786065,75,24.322102673149,82,28.8690091249155,"#0000FF",2,25.582532537904,5,1.5,81.0797229926676,3245.1037157284
891,36.8010251204241,102,34.4922171086202,108,34.6212150436768,"#AA0055",3,34.5489198609098,5.8309518948453,1.5,107.160067025951,6405.45527537287
128,8.3848972467843,12,6.87399458406564,91,6.90427728843703,"#71008D",1,6.3721021169585,2.44948974278318,1.5,90.6803308690982,113.574609674534
855,22.4480841475446,57,18.3053016609491,108,19.951916876837,"#8D0071",2,19.0015903803201,4.35889894354067,2.5,106.959625439152,3093.42072304731
496,40.4593905827906,117,40.2643230159821,100,40.1659443222406,"#FF0000",3,42.202106159296,6.2449979983984,1,100.60179062723,5676.33852600232
76,20.4688561285293,34,19.7105496147621,61,19.0905517389248,"#C60038",3,19.5670673959451,4.12310562561766,1.5,58.6070721401763,1171.65225664887
905,24.9191012156231,46,22.0812513835486,82,22.743887467158,"#AA0055",3,24.9328146208024,4.79583152331272,1.5,82.2599623326673,1950.99198795157
287,26.4534672309267,75,25.720597246406,99,23.6794083400488,"#8D0071",5,25.0229627888203,5,1,98.3618745409807,1511.8791018154
18,44.6708504151676,88,40.6982577899562,83,43.2861866877552,"#71008D",1,44.908851147969,6.6332495807108,1.5,83.3332983213824,5169.65740825193
637,45.8199141124131,90,45.0354450375068,105,46.5845686993046,"#71008D",3,45.2133487505975,6.70820393249937,2,105.431652348401,9836.05320146071
296,49.0315226219765,94,46.9430836652696,83,44.8542491985321,"#AA0055",3,47.9237040254105,6.85565460040104,2.5,83.2513377410218,13298.6956941721
65,14.3948386988023,24,14.6680749968458,87,8.86260032702782,"#E2001C",2,12.4855207281623,3.46410161513775,1.5,85.5231567510302,494.818551977669
215,29.6582548985744,81,29.7721676925085,109,28.4945733923315,"#8D0071",4,27.3194540475164,5.19615242270663,2,107.200306724786,4608.92048772694
150,42.9493898297165,82,42.6061264100449,92,41.9245869318827,"#FF0000",5,41.076370506319,6.40312423743285,1.5,91.1165699915184,4123.18797197383
996,43.6242545157458,126,42.0927183026214,89,44.4720717046155,"#5500AA",2,42.3155200228011,6.48074069840786,2.5,90.7652203526632,14866.9315433755
9,22.022893975735,38,20.8422287691935,91,16.5583738221618,"#AA0055",3,19.9669712877156,4.35889894354067,1.5,92.6441338501378,1347.62573410388
192,17.3239170650905,45,17.7162282761614,88,12.5742057496441,"#AA0055",5,16.1163344058948,3.87298334620742,2,88.6672974421784,1134.38916859597
791,14.3767179910649,33,11.5502765357526,87,13.964621192484,"#E2001C",4,11.0956216878746,3.3166247903554,2.5,87.8931081709851,1025.68252538939
963,57.6072853061406,171,55.2309238542415,101,57.05443671032,"#8D0071",2,59.3000304401001,7.54983443527075,1,101.315397473018,10766.8838802854
841,16.3867457772746,30,16.34660700528,94,15.1787008248294,"#71008D",4,15.0603623735325,3.87298334620742,1.5,92.2249370360315,700.97668086428
863,36.3539502028337,66,35.1762060040431,85,35.692036177192,"#E2001C",1,33.4024231831643,5.74456264653803,1.5,85.4230648279105,3096.413714236
134,10.6388874301631,24,7.2561316562781,108,10.3444850166049,"#AA0055",2,9.71886889571724,2.82842712474619,1.5,106.172225282116,364.162539432321
779,18.388512274161,48,16.7079721918608,87,16.5821876164897,"#71008D",5,17.8282976853271,4,1.5,87.0721240489529,987.112415774453
615,14.2347890321558,39,14.2432948026629,93,13.2992580688749,"#0000FF",4,13.02894913742,3.60555127546399,2,91.8966050490901,1056.67474529046
646,21.0155360206823,54,17.5539348004253,102,14.3161198993077,"#E2001C",5,18.0032437200418,4.24264068711928,1.5,102.303758905216,1153.30305325354
120,15.7207491572093,39,13.7608152565283,73,13.4131985852992,"#AA0055",4,15.0729244344945,3.60555127546399,2.5,72.8459714900871,1383.71587644395
188,16.4203715939736,42,15.3146618937581,90,13.937547950783,"#E2001C",4,16.1402981821678,3.74165738677394,1.5,89.609829306448,956.852112527047
767,11.6341751931924,27,11.5039912065009,54,8.55780374924494,"#5500AA",2,9.59841754935806,3,1.5,54.5186096309841,450.641604022804
800,45.3015778147165,84,43.1925664548952,90,43.3848392724895,"#5500AA",3,42.4653122170954,6.48074069840786,2.5,90.2064803199268,10905.9589865834
438,38.5847655384468,111,36.4296808328001,79,38.937798306957,"#E2001C",1,37.1509773175531,6.08276253029822,1,78.5822821640732,3757.8846576393
991,17.0049010041007,48,14.7879087661841,109,17.8155677621282,"#C60038",2,17.0948185060127,4,1.5,109.584389730171,1311.60301497883
357,18.7492082058643,54,21.2462077951129,65,19.760359802383,"#71008D",3,19.0231635939671,4.24264068711928,2,64.4725253940548,2507.98263457278
457,37.1539070725648,70,33.1483429874277,128,36.6701578540972,"#E2001C",2,35.0051188517624,5.91607978309962,2.5,128.417160205492,6815.0519406908
675,48.6033500436109,138,44.6196314907057,75,46.0604544457805,"#AA0055",5,53.1871820859227,6.78232998312527,1.5,74.3650967864434,7897.51196713301
117,79.438251047307,231,77.6478286565307,143,75.6907694442436,"#E2001C",1,81.6719067011962,8.77496438739212,1.5,142.567941568321,24414.2268438878
693,12.3130803549244,22,13.095721403362,90,12.5792857476494,"#5500AA",1,11.2570606231173,3.3166247903554,1.5,92.0235360505584,359.879715937134
876,21.0311307079942,38,18.1940768684069,85,18.5388532906055,"#AA0055",5,19.0000585178664,4.35889894354067,1.5,85.8072431523174,874.176011942359
834,33.4366346913565,90,32.8637338223398,97,31.1830909610048,"#1C00E2",3,30.0357794609386,5.47722557505166,2.5,97.5897195348999,8506.62862205945
451,30.381148939362,56,26.179526607258,76,30.6108766842821,"#E2001C",3,28.8465768195455,5.29150262212918,1,76.6756917725591,1937.27934621057
13,10.5554379891507,24,8.08286483340808,142,5.74204520398634,"#71008D",2,8.07419525493378,2.82842712474619,1.5,142.215183533569,321.615166322882
890,16.3201650824877,28,12.4161292606107,85,10.4376060965194,"#AA0055",4,15.6205938266235,3.74165738677394,1,84.7858136726385,387.034981563589
230,37.0793312328941,72,38.083235236657,106,34.5077390861309,"#E2001C",5,36.3329925991982,6,2.5,106.244165627078,5243.93915248763
774,40.4031884581329,76,37.1939982289007,79,35.4079681374759,"#FF0000",4,38.1259795451385,6.16441400296898,1.5,80.0918850020668,4313.28174863004
984,16.892350034157,42,15.3193410862631,74,9.41450057658796,"#FF0000",5,15.5004926018515,3.74165738677394,2,74.7797541512211,956.722391127894
332,76.1749487133472,222,74.0963881982114,139,75.3359361491162,"#E2001C",3,77.1217048982147,8.60232526704263,1.5,138.08323169125,30109.2631501657
455,30.8028273895076,84,26.19881624405,92,26.1710890613087,"#FF0000",4,36.9335383734802,5.29150262212918,1,91.9625057925584,2490.14785974078
414,19.1543745723133,51,19.0815500958017,75,18.0470355618179,"#AA0055",1,17.035754555668,4.12310562561766,0.5,73.9568681393076,413.519769005216
596,25.13533894444,50,23.3673503837471,86,25.7462690090383,"#0000FF",3,25.5171309778325,5,1.5,86.254250458005,2248.04385812905
515,25.9022520686421,48,23.1413913468517,102,25.2576064707552,"#FF0000",4,24.4081701208515,4.89897948556636,0.5,101.827365936437,590.832581970519
680,31.7932050171647,60,29.5233881591922,105,32.9496148631674,"#71008D",2,30.2340950325401,5.47722557505166,1.5,106.585272580613,3062.69127340749
279,28.8073322934078,52,25.6170348299491,104,23.8914419574511,"#5500AA",3,27.0493088371184,5.09901951359278,1.5,106.014606400114,2461.1696138237
531,13.9087167233575,36,11.3968293298847,113,12.5775867231578,"#E2001C",2,14.2064018113148,3.46410161513775,1.5,114.239841586119,762.62351248817
794,60.7126654461907,177,58.8582022672766,96,59.6224669967157,"#5500AA",4,59.8572552792857,7.68114574786861,1.5,97.0752611412355,15829.561589582
928,31.6710812082709,60,28.6293346569028,99,29.7633311237089,"#AA0055",2,32.1877186600183,5.47722557505166,2,98.9708258391215,4020.40951897011
569,25.341855000682,72,22.5954102351838,108,25.0998793193968,"#71008D",2,24.8968479916908,4.89897948556636,2,106.122184781765,3862.99106866925
484,42.6495446128007,86,42.4399845369086,81,41.7460537058525,"#C60038",1,44.3391285565907,6.557438524302,2.5,81.7744420481073,8290.33577369841
363,37.7307901395898,68,32.9973310154946,116,34.5582167874612,"#FF0000",4,34.0128448649149,5.8309518948453,0.5,117.183961560113,1179.61840465084
533,15.2189388016799,42,12.8219198815631,103,14.5252463534224,"#5500AA",2,14.874687667663,3.74165738677394,1.5,103.959551523401,993.128938405394
547,20.0294419330078,38,20.5111390921897,89,18.4987991292178,"#E2001C",1,19.1334953830468,4.35889894354067,0.5,88.6883258442305,333.019560182351
655,27.8917531913643,75,24.8261885948023,97,30.2674191258967,"#FF0000",5,25.2652420013114,5,2,97.9320816828937,3199.94655160389
802,13.4796143353762,20,8.53768948674075,90,8.68322141860591,"#E2001C",1,10.8594203418749,3.16227766016838,2,88.5975267666932,370.829134961397
842,15.5645199150806,42,14.5172999261756,104,15.4749892744398,"#3800C6",5,16.9923884119876,3.74165738677394,0.5,104.608562155872,259.813865848888
229,56.3565030432853,104,52.8475539678897,54,50.6061964506665,"#FF0000",3,53.0181493467856,7.21110255092798,1,52.9533793974477,6610.07031350078
476,27.3890469957309,52,25.665215998411,99,27.0656411513416,"#FF0000",5,26.2739933535515,5.09901951359278,1.5,97.9736445280467,1653.249485316
822,21.7024877863572,40,19.6459566055031,83,23.4229239778445,"#8D0071",2,20.4644964418455,4.47213595499958,2,82.1188183474247,1851.27003903071
17,7.10637953965214,8,6.57670502282401,120,3,"#C60038",4,7.30598302877502,2,2.5,120.122893454051,114.079163819056
976,39.897548258913,78,39.5358504789389,81,42.1356574982912,"#C60038",1,39.4640844981535,6.2449979983984,1.5,79.5339661159279,4212.23190998022
751,37.4753425550099,72,35.7605605508717,104,32.8968333846282,"#C60038",2,36.1309429687211,6,0.5,104.499309688685,1413.34765100579
323,43.2942856579428,84,40.8557035382813,131,41.4808747134771,"#FF0000",5,48.2342113598943,6.48074069840786,1.5,130.183310855414,4353.02322829046
652,6.8524984525302,12,7.4135047045491,103,8.1259570401423,"#AA0055",1,7.22920012528038,2.44948974278318,0.5,104.322238100042,40.7930912483446
207,8.93911299421702,15,5.79670650181936,104,3,"#E2001C",2,5.12001275601597,2.23606797749979,2.5,104.0240727927,229.834688872132
130,19.4275931092391,34,18.8087581908155,115,16.4592250206762,"#AA0055",2,17.0261737789495,4.12310562561766,1.5,114.588300112542,996.046336230955
37,69.6290642982205,134,68.0277616799037,108,66.8707861804939,"#C60038",2,68.0280447646705,8.18535277187245,1.5,109.209234911128,15017.3603840589
592,15.6152611595371,26,12.5720262900412,69,13.1460582923192,"#C60038",5,13.6842609994666,3.60555127546399,2.5,68.5548265194452,707.937936629632
558,35.3016553393177,68,34.0923779120879,93,37.3237714818916,"#71008D",3,40.8541649842667,5.8309518948453,0.5,92.7417063015449,1481.36897919687
549,32.6679635567018,93,29.3050284051653,77,29.3756367353412,"#5500AA",2,31.0044280724221,5.56776436283002,1,77.1028718942112,3137.70641340085
133,21.745893606492,60,18.0804673288254,72,19.5386000196852,"#FF0000",4,22.5781373530667,4.47213595499958,2,71.5033467331811,2447.13770612684
425,24.1035671130857,46,21.0734027403691,99,24.329110894579,"#E2001C",3,23.358107449802,4.79583152331272,1.5,97.874597642624,1919.58555419878
724,32.5281054414885,60,31.4368691485605,81,32.3325761579645,"#E2001C",2,30.3262603826705,5.47722557505166,1.5,80.839596935692,3101.99105732324
970,39.7332166288348,114,39.846438126417,99,36.6735644020547,"#8D0071",1,38.0666992615857,6.16441400296898,1,99.6095786435886,3948.01430459926
848,33.311807535317,62,30.4681294821725,96,29.2843815427656,"#AA0055",2,31.3751507830125,5.56776436283002,1.5,95.1398892451998,3181.43143200845
803,40.3804375935854,78,40.2756124643525,88,41.1790158975831,"#C60038",5,40.1783454684724,6.2449979983984,1.5,85.6509468564473,3762.6220087136
453,20.0928614207877,36,18.633324928438,103,15.6643295450531,"#AA0055",2,18.4415633552501,4.24264068711928,1,102.331960262154,718.722027918423
95,10.6820498993858,24,7.41207643161341,71,7.50292886830645,"#71008D",5,10.3268375053101,2.82842712474619,1.5,73.0729602084314,257.074582187018
942,26.0263703369605,72,24.0766521816494,105,25.5559179406816,"#FF0000",5,24.0475062280929,4.89897948556636,1.5,106.083956657806,2138.73135541581
26,25.7561913431117,72,24.2297974117158,139,25.840905133545,"#AA0055",4,26.1725808477125,4.89897948556636,1.5,138.116473249442,2722.70512754888
242,25.5941711388635,46,22.0545879196718,94,26.4193771225233,"#8D0071",3,24.2344191853019,4.79583152331272,1.5,93.6911134869745,2010.46143035391
772,48.1662408330935,138,44.7022198460977,98,45.7883447822683,"#C60038",2,46.165205412635,6.78232998312527,1.5,98.0005474893679,10512.6349226956
151,19.079921086549,34,19.4517622753803,79,18.6895844464465,"#71008D",3,18.9793905890515,4.12310562561766,1.5,79.8243457726048,1142.60040455712
402,28.4650210285968,75,25.7129135137819,101,24.5027719254409,"#5500AA",1,25.0176826206579,5,1.5,101.866808154552,2607.00918719622
519,33.3710672128473,93,30.2281816068297,126,31.1687969644898,"#E2001C",3,31.5034729168068,5.56776436283002,1.5,125.536925695756,5264.98737180435
263,34.6569967035686,96,31.2001981832427,119,31.8405713052424,"#71008D",2,32.5663673119173,5.65685424949238,1.5,120.034008864645,5143.56175827045
709,34.5197646252533,64,31.7900617171171,91,32.9120052925544,"#AA0055",2,32.1955356964927,5.65685424949238,0.5,90.1179382358699,1150.57620424905
370,35.1198935666163,66,36.5754533186449,76,35.7928744424389,"#E2001C",4,34.2849693134338,5.74456264653803,2.5,74.1773936150906,5766.69268477251
667,23.7343297341747,46,21.7439345787709,103,19.1508466957818,"#FF0000",5,23.0293003495941,4.79583152331272,0.5,101.426868882469,406.649822681092
620,32.7240306269259,96,33.0579558399472,74,35.3469575444246,"#8D0071",3,35.7109529541053,5.65685424949238,1,74.3165598530128,3892.3877859359
777,9.93789242676491,18,11.5390464121346,151,9.05067174022247,"#FF0000",2,13.2638285900282,3,1,150.203971174181,208.258070284016
140,24.6376653299462,63,22.306320963638,109,20.1011523894994,"#8D0071",1,21.9103813746208,4.58257569495584,2,107.626741166998,2494.41793607573
632,38.1193964213454,72,36.4427858200604,117,35.8068546974249,"#FF0000",2,36.1440665648704,6,1.5,117.433617215326,4338.94495646326
126,30.5136770792472,58,27.130588969742,73,30.2616368201835,"#AA0055",2,29.4993580136645,5.3851648071345,1.5,72.7316367089411,2801.92833000645
744,7.89738389743382,21,9.78100795006379,93,5.91891490052093,"#FF0000",1,7.34992656834919,2.64575131106459,2.5,92.961269436206,358.562624275881
916,16.8989200787793,48,17.1125943062539,85,18.1682956282373,"#FF0000",1,16.5430853902379,4,1.5,83.8045733293387,1097.81329775881
953,33.9720339376328,64,32.6583273281445,120,34.8200666109844,"#C60038",3,33.0211655046101,5.65685424949238,1.5,120.414937177883,3837.92044868469
892,28.2083193459572,81,29.5186317212206,64,26.7097792781011,"#C60038",2,27.0281270488747,5.19615242270663,1.5,63.2968064173325,3701.46244456306
506,12.3658382284833,20,10.1166892286815,99,8.80503417390391,"#AA0055",4,12.2806035872588,3.16227766016838,1,99.4940642118849,216.766725085195
757,24.6929787221881,69,22.8059750034664,126,25.4929782605191,"#8D0071",3,24.9992033149363,4.79583152331272,2.5,126.808550767214,5010.84155223316
487,11.7437395581797,20,11.252358485164,82,10.3627548931108,"#FF0000",3,10.0571917807509,3.16227766016838,1,80.795952118366,256.192966760952
398,10.9157075464255,27,10.165428834466,110,8.67318817046853,"#1C00E2",5,9.49933965814374,3,2.5,109.65960457751,522.799178040151
676,44.7642366606427,86,44.0867430365496,111,43.543348217059,"#5500AA",2,46.1154669927391,6.557438524302,2.5,112.330340103058,10479.7436392037
102,40.9343143361512,74,34.0468626864162,73,37.8446407716648,"#FF0000",3,37.0902115890875,6.08276253029822,0.5,71.8060984220876,1658.62043934597
703,39.9971482899494,76,39.4725634413405,89,38.6466192484061,"#8D0071",2,38.3708492430622,6.16441400296898,1.5,88.9811670539683,4878.71964704074
431,24.9608798897532,72,24.8095198784827,93,24.6953934648773,"#AA0055",2,30.3106438440615,4.89897948556636,2.5,90.8720098987603,5099.41891815488
958,14.5288138617352,42,12.9835527688699,101,12.7883226016754,"#8D0071",3,15.2397056652789,3.74165738677394,2.5,101.300959916493,1753.71891133499
50,20.3863565329849,42,24.8260104731435,112,23.7521582227295,"#71008D",5,21.0486398745342,4.58257569495584,1.5,113.736283731311,1122.7489879735
650,11.6370899238036,27,9.28020598234267,121,8.17306684724764,"#C60038",5,10.8475750915034,3,1,119.594405031409,212.006296521365
73,40.0016047273583,111,38.1899828065858,107,35.1373898580003,"#FF0000",5,38.4042976995599,6.08276253029822,1.5,107.124778192266,5028.97922662994
1,10.3986170021634,27,9.31433833550317,125,11.0582814386275,"#C60038",4,9.02010969507834,3,1.5,125.293529235867,396.503435653984
967,51.5466082782182,147,48.9656984132576,108,51.6921564708533,"#AA0055",3,49.0788325725356,7,1.5,108.658894242875,13246.6509045319
844,25.1713281761099,69,24.0017962890229,98,21.6207354147024,"#C60038",4,23.0169312381681,4.79583152331272,1,98.5365394196617,1613.52545684811
23,5.51066556602853,9,4.3469486438903,87,4.20997184783076,"#C60038",3,6.65887994459587,1.73205080756888,1.5,87.0618690050727,78.935618852672
912,33.4555513712307,96,31.6807881201228,74,31.9178959553172,"#5500AA",4,32.0509908482104,5.65685424949238,1.5,74.9881015429202,4640.8186188355
31,18.4885198052131,34,16.8674455082865,98,13.3911801100735,"#E2001C",1,17.0714828033408,4.12310562561766,1.5,98.5282094708647,761.803216593935
304,33.3256196145149,96,34.882816739912,143,31.5966865367632,"#C60038",2,32.0095999661722,5.65685424949238,1.5,142.83752323408,5190.48794335532
529,28.7893157050844,52,24.2512383533348,102,23.8404793374323,"#5500AA",1,26.0290860964582,5.09901951359278,2,103.113594931763,2415.3110318278
362,22.4288553844763,60,21.8622411778253,96,20.7405888427291,"#C60038",2,20.5784661923792,4.47213595499958,2,96.211282893543,2790.31928506516
945,17.3713450740907,48,17.9766731506229,85,20.8178616889524,"#FF0000",1,16.0316180257215,4,1,86.8828463114152,763.909228507723
647,26.890387183825,50,25.1916966510695,96,24.0308209337041,"#5500AA",2,25.0101837162525,5,1.5,96.2572188049534,2083.288178805
212,21.1782918539396,40,23.1530553224878,82,23.459116359783,"#C60038",5,23.3026635586084,4.47213595499958,1.5,81.6561103665492,1068.15013047681
400,51.1426978167671,96,50.334602756437,62,53.4543927758225,"#8D0071",5,48.787525349283,6.92820323027551,1.5,63.3812657242856,5801.99206453334
244,38.1700824633675,111,37.5651640630592,92,33.4379274796949,"#8D0071",5,37.5555252897776,6.08276253029822,2,91.2382670412153,6526.28166603155
887,41.4156774519025,114,38.5687362939918,77,36.0178826563308,"#FF0000",3,38.8328756011273,6.16441400296898,2.5,76.9992214358839,13191.9249864652
993,14.7642665517167,28,13.3937528678908,131,15.7620462454979,"#FF0000",3,14.2350478167454,3.74165738677394,0.5,132.003755374997,243.444936674015
742,24.2926324259118,44,24.9636086776869,105,19.3084253936736,"#FF0000",2,23.7876948460724,4.69041575982343,0.5,106.360906550138,555.826335451927
493,14.586828100588,24,14.5291999788768,88,11.2591406745944,"#1C00E2",3,12.0351025072873,3.46410161513775,0.5,87.0251557838148,185.526737016493
66,42.2198751280725,117,37.9190632754135,108,34.9843536319678,"#71008D",4,39.9480400390838,6.2449979983984,1,109.584728039453,4542.85389858363
648,33.9815188810293,93,31.4429815221867,91,29.1863063699532,"#C60038",3,31.2269476272871,5.56776436283002,0.5,90.3796907799102,1749.689029889
798,43.3175633787357,126,44.103600145421,59,44.4177469303203,"#71008D",1,42.1546162351048,6.48074069840786,1.5,59.6028846586835,7348.70266263826
826,8.99611886630011,12,4.75414813073345,90,5.76937831719109,"#0000FF",1,6.13414910483827,2.44948974278318,1.5,89.5399074297705,103.098201347534
233,34.1607556704363,99,30.2888572545759,102,33.7358750021835,"#E2001C",1,33.0487285946994,5.74456264653803,1.5,103.522291417438,4393.50289904769
459,13.0558633790851,30,11.7823156132957,112,12.5989450907216,"#FF0000",1,10.0001795491562,3.16227766016838,0.5,113.345699633409,156.426419440508
350,10.4517072548676,27,7.77441800117661,127,10.4472252481177,"#FF0000",4,10.3361611990942,3,2,127.05653675388,520.559263149046
175,29.7803624083668,56,25.6955402512603,89,29.2927967374189,"#C60038",5,37.0061496912013,5.29150262212918,2,88.7949540288636,2684.76024969026
300,57.1562216552711,112,58.6238215128737,123,53.9334058417892,"#3800C6",4,56.0057932298559,7.48331477354788,2.5,123.688529181045,15776.9660946093
770,25.9100930905368,48,26.0235595995402,121,26.1044463194511,"#AA0055",5,24.5037545070394,4.89897948556636,0.5,121.799627180939,488.720344684558
82,41.6478880158,82,39.3875401344027,105,40.1302031821799,"#FF0000",2,41.0358012759442,6.40312423743285,0.5,104.237733611715,1833.11465573882
497,18.2594509152346,32,15.6441777236712,84,14.0268651289209,"#5500AA",5,16.0951747040063,4,1,85.9724674950534,413.703890070839
221,25.9621833826634,50,26.2681014567841,100,25.6572807171822,"#C60038",4,28.5252056218005,5,2,100.615170170836,2630.87059373944
827,38.2530029833099,111,35.3862707089893,80,35.7780513144557,"#71008D",5,37.1722214238741,6.08276253029822,1,81.4712607962317,3264.02160540421
371,48.4724349448034,92,46.8593094877778,64,46.2895967466169,"#1C00E2",4,47.2047330761947,6.78232998312527,1.5,63.269983092019,6482.46963254086
84,23.609646760355,40,17.1494981374688,128,17.4726088004351,"#FF0000",4,20.0353613955178,4.47213595499958,1.5,126.6409600873,1177.84634121262
291,14.4238957890839,22,11.2103301831229,128,11.5190629115356,"#AA0055",2,16.0343508921349,3.3166247903554,1.5,128.487318988197,466.489583761066
669,16.3517286309866,39,11.7990179777321,109,11.8487640585468,"#3800C6",3,13.2654598290022,3.60555127546399,2,109.413436875113,1240.89368456524
446,26.8053955172487,78,27.4919953989237,93,27.111398237796,"#71008D",5,27.9393694703096,5.09901951359278,2,94.9020796694613,3382.19211893144
524,45.8441434827979,129,45.4106958839401,77,46.8904505518457,"#5500AA",3,43.0007796261752,6.557438524302,2,78.1344554427885,13882.2590816543
468,41.2906022158579,117,40.0466507568352,89,35.1476665983478,"#C60038",3,39.0226920816767,6.2449979983984,2.5,89.3668206934305,13654.8011587142
523,13.9970762478959,26,15.663223068582,88,15.7075089555276,"#E2001C",5,14.0478350990126,3.60555127546399,1.5,88.0187290104357,452.892343645588
189,46.2892464823428,129,44.960975165646,113,42.2838860080431,"#1C00E2",2,44.4347433124486,6.557438524302,2.5,112.414463431494,15677.1544396452
861,5.5824187288991,8,5.00494753450098,79,3,"#FF0000",4,7.77972050772021,2,2.5,79.6655116186405,102.133858703122
115,26.5266978318874,48,24.5014413633216,93,26.2615695890566,"#FF0000",1,26.5758805948173,4.89897948556636,2,92.5909883050434,2210.10837277559
211,24.0128675666925,46,22.3905069544297,107,22.4823176632427,"#AA0055",4,23.0303611564675,4.79583152331272,1,108.355216538217,1059.58290727387
908,37.6452500302139,108,37.3515293086904,80,35.4690326107402,"#FF0000",4,36.0489315851547,6,0.5,79.0868707065401,1972.24610088237
441,20.596160967426,40,22.5448078831947,108,16.95434483683,"#C60038",1,20.0115653905279,4.47213595499958,1.5,109.169904321421,1082.32419836359
698,9.00933636704308,21,9.86735543072207,69,4.54679061255778,"#5500AA",4,7.12138902478372,2.64575131106459,2,67.7245563721993,316.101476427095
872,12.6383909747213,33,12.1651926148952,90,11.031125342528,"#E2001C",2,11.2937346372973,3.3166247903554,1.5,89.9575943893669,634.976344860588
57,21.5074141121034,57,22.0739613946296,101,21.9856222344586,"#1C00E2",5,20.9513219696594,4.35889894354067,1.5,101.997896544805,1444.48851018925
903,31.056506858251,58,30.0485915135924,96,28.9086253513777,"#AA0055",2,29.298328932556,5.3851648071345,2.5,95.2833777776185,4730.43785749691
48,22.9885910163286,60,23.2715164118455,108,18.7508309107318,"#AA0055",2,20.141705502579,4.47213595499958,0.5,108.307782871635,694.315232225436
889,12.9024289516436,39,12.5856122462141,96,10.6484482133436,"#C60038",1,14.1491087413485,3.60555127546399,1.5,95.8899487941973,667.287297340547
832,31.0961369855329,87,30.9138622128825,123,25.7167009822006,"#C60038",3,29.0379131838913,5.3851648071345,1.5,123.269344404699,4566.61703498107
359,27.1392784875921,75,25.2235138754755,108,27.3761099642076,"#8D0071",2,27.4985394291262,5,1.5,105.488856219595,3272.36553969053
796,37.253927471065,68,31.5182082385992,117,35.3174776778853,"#5500AA",4,34.7318889779183,5.8309518948453,1.5,116.841488123563,3526.40013637911
477,24.3570520504102,66,24.955245041807,99,23.4393315120396,"#71008D",1,22.4092835144919,4.69041575982343,2.5,99.7566866677488,3480.43577659458
699,10.0489404083272,18,9.59720309376406,45,9.67567583994915,"#E2001C",1,9.01302607262781,3,2.5,45.2933351321867,383.705582990999
994,14.5297268743221,24,13.1138227551033,89,14.0050899965655,"#E2001C",5,12.1594000734879,3.46410161513775,1,89.7111246279238,254.413997073923
483,14.618337891761,36,10.9982649460276,118,14.0198024476237,"#FF0000",3,13.9715056668314,3.46410161513775,0.5,116.941840626656,282.368015940348
534,21.6099072145881,60,17.5701193274889,117,20.1386698255825,"#3800C6",2,20.0014964341692,4.47213595499958,1.5,118.293580408866,1967.83339788507
200,18.0227523386559,34,17.2975185145265,77,17.334348242321,"#8D0071",4,18.7267712454418,4.12310562561766,1.5,77.8225026898576,904.312684167499
965,48.180882031386,144,48.946160257867,82,46.9902239470146,"#8D0071",1,49.6843925514836,6.92820323027551,2.5,82.3062039197129,15671.053693366
91,21.4429542274992,57,17.4036797059843,94,18.9743405322656,"#71008D",1,19.0014910736734,4.35889894354067,1.5,95.2999024919628,1477.00764714367
990,13.8929946099887,22,10.9984179576951,103,9.07074004082325,"#AA0055",1,11.1333972904544,3.3166247903554,1.5,103.034310640721,333.241877040552
914,11.4037281605804,27,9.1163642663612,109,7.93338879894525,"#8D0071",1,9.03220883436462,3,2.5,109.607066445604,567.40820067766
437,28.0503039299072,84,28.3068785432097,134,29.0058925153782,"#AA0055",2,30.47648453185,5.29150262212918,1.5,134.184918232366,3989.41750813633
518,38.4889703943085,70,36.7765845375695,82,31.6517889685111,"#8D0071",3,35.0153995292801,5.91607978309962,2,82.0559712896633,5946.99615052655
214,51.7007225410905,100,50.6373031570743,92,48.9258724307822,"#5500AA",5,51.1311308462112,7.07106781186548,1.5,93.3674431573534,6059.84813856115
828,65.2218676564656,189,62.4976920388967,115,65.1933907580381,"#71008D",1,64.4765016285482,7.93725393319377,1.5,114.525385694267,16348.9991254361
623,39.7989332036192,111,37.7442185982646,125,39.7063220178362,"#5500AA",2,37.4571612746616,6.08276253029822,1.5,124.465223509648,7023.67926701685
367,24.1268653151885,42,20.181465253704,105,23.7300627306377,"#AA0055",4,21.5317161630231,4.58257569495584,0.5,106.991116216832,467.385575959556
19,29.001694128886,52,29.5440113841895,112,29.0665609843246,"#0000FF",3,27.8070023432937,5.09901951359278,1.5,113.034533668726,2649.40324636651
349,15.2008437277368,42,14.435733254021,108,16.0335479555195,"#FF0000",2,16.2575348270974,3.74165738677394,1.5,107.65896093452,1053.01632526875
564,56.8828003849984,108,58.0606876175181,122,53.1035704089223,"#E2001C",5,54.2529705470426,7.34846922834953,2,121.772636046448,9548.70163685157
467,34.2392209725826,64,34.8349213411671,55,35.4119596471292,"#71008D",3,33.4766476669846,5.65685424949238,2.5,53.0953178026324,6526.66490351259
162,26.5480311133556,69,23.2726872711155,99,25.5138132879433,"#C60038",3,23.4696720225054,4.79583152331272,1.5,100.291229785082,3026.90764956689
833,66.2507052391832,124,60.9036189506272,145,59.7461916149015,"#C60038",1,62.070191341895,7.87400787401181,1.5,145.087423803273,10413.3866990717
607,17.1882210417593,45,18.8632661315023,107,14.788498706646,"#E2001C",3,15.5042527671205,3.87298334620742,1,105.616397823546,878.13417521145
986,38.8235282761521,72,37.2602857487501,61,37.4079289066594,"#C60038",3,36.0513242084643,6,2,62.0783984525473,6415.44679881184
372,35.2666399098201,96,31.6902528769942,67,30.7187864568094,"#8D0071",2,32.0240300182915,5.65685424949238,2.5,66.9859845181563,8537.73063354727
169,44.0681044463487,88,45.6877946297365,81,40.9766529483553,"#AA0055",3,44.0430265835114,6.6332495807108,0.5,80.5720544331094,2310.84216453308
90,35.7122282124187,66,33.6658114406372,89,32.9953280857726,"#E2001C",4,33.4655862039774,5.74456264653803,1.5,90.1776067492362,3344.18889481679
399,23.642277932945,69,21.5788336337096,104,25.5649517262453,"#AA0055",2,23.0047010565064,4.79583152331272,1,103.624196918935,1772.50799974292
254,27.2149489654218,72,22.7144622920389,123,24.3494510546626,"#AA0055",4,24.0770652206316,4.89897948556636,1.5,123.612473701707,2645.50050840921
763,44.294080892384,84,41.6078570269058,110,45.0388432024222,"#71008D",5,42.0064079042659,6.48074069840786,2,109.6621571396,5778.44259815789
489,47.7309747234558,141,48.07110735504,79,48.8311838266538,"#E2001C",1,50.8548347095568,6.85565460040104,0.5,78.7502430934856,3076.92423989411
992,48.5196719225858,92,48.2534750092559,120,46.4281472273383,"#71008D",2,46.8276320329633,6.78232998312527,0.5,118.509323250291,2389.12205631478
512,17.7481764330904,45,14.0225598675335,122,14.4327772461093,"#AA0055",3,15.6366958767969,3.87298334620742,0.5,121.495149850733,416.432280737795
964,15.3206407556217,42,14.6124337700917,76,10.5688553660058,"#8D0071",3,14.1876907218371,3.74165738677394,1,76.469810635829,693.861186420477
825,52.8295447348846,104,49.9507438389959,88,51.3719573520382,"#71008D",3,53.1431589256323,7.21110255092798,1,87.7049573672389,6471.71826246195
251,32.1562400690695,93,32.3064810303417,95,27.7838796501106,"#E2001C",2,31.121515792978,5.56776436283002,1.5,96.2202913071162,4740.77778799644
144,18.6964022713304,45,15.166444699682,82,16.3287816676443,"#5500AA",2,15.174723572864,3.87298334620742,1.5,83.7496394242358,1195.18996976532
690,26.3631000859741,69,23.9883676562673,89,18.8777727621676,"#FF0000",4,23.1117407288643,4.79583152331272,1.5,89.7260804551029,2388.28439198386
141,44.2266481746643,82,42.879992804712,114,42.6058653982072,"#3800C6",3,42.9382869448141,6.40312423743285,1.5,113.706312294275,6306.67773117145
210,36.8650768752814,70,35.8599456936978,98,34.4549568596427,"#5500AA",1,35.851848649653,5.91607978309962,1,97.3670647521594,2242.56809853842
78,32.9234931178904,60,31.3131268730781,103,30.0052123919143,"#3800C6",2,30.9180642895614,5.47722557505166,1.5,103.941804900217,3073.10775901461
388,8.84552838121306,12,8.11029541174685,84,6.37349978428377,"#FF0000",1,8.20835299454682,2.44948974278318,1.5,82.4232762948479,121.045348387449
346,56.1388503632156,162,53.6080673920898,98,51.5446360769489,"#3800C6",2,54.1730412327143,7.34846922834953,1,98.861068146463,9605.57923626195
921,17.2643562324771,42,15.1854520553174,99,14.9850100384916,"#C60038",3,16.4874308271691,3.74165738677394,1.5,98.4671665124999,1177.65157371274
823,33.1849879730645,90,30.5193898661437,90,26.700384193406,"#AA0055",1,30.4083520761762,5.47722557505166,1.5,88.7124437515682,3664.47111659518
248,42.2290250841847,82,40.1536267448347,101,40.4488812860554,"#FF0000",4,41.0023197194963,6.40312423743285,2,101.172017511333,6720.72239048527
403,22.9904358527243,60,19.09194013995,110,20.192957719413,"#C60038",1,21.6527268871589,4.47213595499958,1.5,108.734239099491,1683.36882080728
599,52.9465095592763,104,51.9448318496541,125,51.7230653609834,"#C60038",2,52.0059585588925,7.21110255092798,1,124.345133373357,5964.33909209645
550,34.1936501097493,96,28.9774802278025,100,32.7974686720368,"#FF0000",2,32.4638422806143,5.65685424949238,0.5,100.628204805122,1695.79478482967
778,11.2087643503218,30,10.0679723472634,99,12.7300463757199,"#71008D",1,10.0346931041045,3.16227766016838,1,100.915158311849,294.739129669861
909,24.5287726529066,46,25.8808265823099,95,28.1066049800805,"#FF0000",4,23.0298253403287,4.79583152331272,2.5,93.2227196064422,2862.78139938583
60,26.5981719313522,48,23.4623733236847,124,20.8409359442849,"#8D0071",4,24.5398151687066,4.89897948556636,1.5,125.167117704058,1721.12178540367
63,17.9836134823847,48,15.4824810049002,104,17.9345233138997,"#1C00E2",2,21.5395944277208,4,1,101.346214259115,936.554855396356
24,8.9091568057808,21,8.51462206622075,97,7.4484824785005,"#3800C6",4,7.09530869397256,2.64575131106459,0.5,99.3126265819415,84.1445236753382
109,27.4518929445721,48,24.3620227980418,85,22.9767944531276,"#E2001C",3,25.8988454856124,4.89897948556636,1,85.0896115607406,1437.51329300994
199,19.471367012472,48,16.0670921372268,101,15.4181257014646,"#C60038",1,18.329966958509,4,1.5,100.835255301272,1106.14896675463
452,30.5825313989022,87,31.3597615285576,88,32.5906477428816,"#E2001C",2,29.1650108039478,5.3851648071345,2.5,88.6000313361266,7309.19700938086
812,10.5960195091809,18,9.95590972841872,119,10.5319358319531,"#FF0000",2,9.02427216380394,3,1,118.99440593534,196.462629379433
394,37.9030007329963,108,37.662858896639,114,37.0102917725463,"#3800C6",5,36.0763356004034,6,0.5,115.543420652076,1597.94090835441
713,30.730056378169,58,31.7042535197137,102,29.6561920309683,"#C60038",1,29.0791516288674,5.3851648071345,2.5,101.301951194214,3920.72990905066
725,33.6395558134024,96,31.8544477549536,98,27.0914455301252,"#8D0071",3,34.1050369313159,5.65685424949238,2,97.2386744980442,7313.6962707511
538,27.197851220014,72,22.8282364005623,93,23.9642097533531,"#AA0055",4,24.2415871994465,4.89897948556636,2,93.0234080124469,3521.30168372567
98,24.6223498552674,72,24.3030164253338,77,27.0748248382005,"#AA0055",1,24.2266502176933,4.89897948556636,1.5,77.2330836518744,2417.20287923334
820,25.1341477418462,46,26.6818094833868,100,21.8935511882451,"#E2001C",5,23.2153073017776,4.79583152331272,1.5,98.6972112494558,1323.66717674588
161,12.3815152919595,24,5.17888446792552,141,6.80163619420576,"#0000FF",5,8.02056889379439,2.82842712474619,2.5,139.467140859795,388.140147399493
88,48.5418590185522,94,45.4930969428697,112,44.3071389210996,"#5500AA",4,52.4144699904566,6.85565460040104,1.5,111.768338993057,6705.50346841104
408,36.9531475503482,70,32.752233207738,103,35.2202756092344,"#FF0000",3,35.1899323612935,5.91607978309962,1.5,104.213279062814,4414.12611502389
642,44.3456777496103,88,43.987963856334,139,46.1265915845822,"#FF0000",1,44.2072124044324,6.6332495807108,1,138.252211782915,3526.30455000706
289,31.7890024446002,62,34.7086986413256,82,30.3592024006279,"#5500AA",3,31.0085089625598,5.56776436283002,2,82.4036930126321,4729.23836749825
528,12.4718579380893,27,9.68700616680836,112,10.4759807357422,"#AA0055",1,9.66489078256244,3,1.5,111.781298550045,373.75637124319
634,38.0760343776539,108,36.502158527258,103,39.1931484183726,"#AA0055",5,36.2938349916323,6,1.5,102.002197811997,4822.81156789464
961,29.8187315153658,56,28.0662434352305,88,24.8958147707052,"#E2001C",5,28.3112927949462,5.29150262212918,2.5,86.6398396271188,3115.30248799107
418,15.4163650777888,30,15.5160093251674,76,15.3834756580999,"#FF0000",5,15.1111815928422,3.87298334620742,2,76.6825012755283,735.382005152952
247,42.7053155923436,123,40.9538135149505,77,39.9343347487945,"#8D0071",5,41.0832104866984,6.40312423743285,0.5,77.6691724568192,2025.52764798984
52,33.0451050735541,62,30.2070661571707,86,31.6495413211894,"#E2001C",4,33.8254349542115,5.56776436283002,2.5,84.8389326670642,4951.38050535696
34,21.3425509295278,54,18.9450823408463,128,20.477804297264,"#E2001C",5,18.8797256890343,4.24264068711928,2,128.30652799679,1688.61494907209
321,30.7040873131829,84,28.7038836808477,107,22.8923502980983,"#C60038",3,29.6081745940268,5.29150262212918,1.5,105.830322567054,4229.6632381644
280,31.7389912583292,60,33.0526922606995,69,29.7905114237786,"#C60038",4,30.3811457694677,5.47722557505166,2,69.3955236353283,3720.51570072993
530,35.9635457288167,68,36.0691127593253,129,31.9470522475127,"#AA0055",1,34.7016718264881,5.8309518948453,2.5,127.546371588208,5284.59667798978
857,24.4025287208324,69,21.836836931504,99,20.9622808445687,"#FF0000",4,25.5127698769808,4.79583152331272,1.5,99.6858665078307,2397.97428544727
505,44.7081916695315,132,45.8774393735526,119,42.0081332069157,"#1C00E2",3,45.4139292927812,6.6332495807108,2.5,117.812379273608,17582.8217078619
327,31.0582310458887,60,32.9067203725809,104,28.2514146484285,"#5500AA",2,30.0943930341369,5.47722557505166,0.5,103.919019836985,1005.17002990382
567,20.5198831251518,51,15.8998073922114,113,17.0827663040806,"#E2001C",3,19.1042657923566,4.12310562561766,1.5,111.402064411335,1643.58149160071
68,16.4794878448388,26,15.2972088164434,90,12.8532468037831,"#71008D",2,13.6707779920407,3.60555127546399,2,89.1763774394378,816.856630908731
107,18.1896278198301,48,15.8399869801873,104,12.7540481294169,"#AA0055",4,16.0135332087649,4,2.5,103.458766340075,1892.59147365686
335,21.9412812429126,38,20.6092563917716,103,14.9785293347295,"#C60038",2,20.3330439571312,4.35889894354067,2.5,102.738847460255,2026.15696582504
849,16.3506401567824,28,14.0726782069102,76,15.6320528138523,"#5500AA",3,14.058711035377,3.74165738677394,1.5,76.9927352302244,748.062683936477
708,36.6241352225378,66,34.8587033934374,106,36.4559880468423,"#FF0000",1,34.113852864432,5.74456264653803,1.5,108.125664457479,3121.56441363307
492,27.86773265171,78,28.1430800571602,96,24.7932252462812,"#5500AA",1,26.0735565643509,5.09901951359278,2.5,95.4603302503611,4663.46389788489
30,15.4723876333536,26,11.1246751756647,80,9.19799870664079,"#1C00E2",3,13.9859116800877,3.60555127546399,2.5,80.1225879010423,979.505769754692
231,30.8431522167912,62,33.2850849685832,132,31.2831457442644,"#FF0000",5,32.4113378510003,5.56776436283002,2,131.760152091749,3150.80293237963
100,21.3002849444371,42,22.2988449463834,108,23.0540092385829,"#FF0000",1,21.2130357264345,4.58257569495584,2,109.086960596708,1648.14352441698
560,17.5455168213388,45,17.3082999268296,94,18.01664937356,"#E2001C",3,15.8586571963397,3.87298334620742,1.5,94.4773517949159,1358.88914954762
948,18.965294099037,34,19.725204344925,94,17.2362133378567,"#AA0055",1,19.4952333597617,4.12310562561766,1,95.2530280325799,566.875332299051
45,28.9404586564478,54,29.4343719995847,97,28.0276290522332,"#E2001C",3,34.2998910789395,5.19615242270663,1.5,98.4736389220598,2872.80733822533
286,40.9153849906916,80,38.9666633967065,112,38.823804277434,"#C60038",1,40.0714474416467,6.32455532033676,2.5,111.876196023841,7156.85899985708
925,24.6588869338293,42,21.552754323222,117,19.073156355525,"#C60038",1,21.0044456760108,4.58257569495584,1.5,117.139321338363,1217.79934023094
415,43.0281383597946,126,42.1869230885502,116,44.2309085549599,"#71008D",5,42.4319786679671,6.48074069840786,2,115.419096699089,8623.97798712477
422,28.5271547345238,78,26.4064278212691,96,24.7764659567145,"#FF0000",4,26.0167720058872,5.09901951359278,1,94.9387530800521,2055.87715316701
517,44.3509150952663,82,42.250894362584,102,38.5449747333314,"#AA0055",5,41.3015181017643,6.40312423743285,1,102.551877381252,2723.2736034647
738,20.5610943602473,57,18.8192163568472,102,18.900203722179,"#FF0000",5,20.7713933950054,4.35889894354067,0.5,101.997197209544,447.113896933856
671,28.4799322288527,78,26.4578302443215,94,26.9669146952343,"#5500AA",4,26.0990777718741,5.09901951359278,1.5,95.2452031286601,3138.93306873127
576,22.6413463014046,40,21.6531091157158,121,21.8240947349006,"#8D0071",3,20.2134020320583,4.47213595499958,1.5,119.868735405168,1530.04884685591
843,50.6178939157292,147,50.3600190898416,87,45.9192411108565,"#5500AA",3,49.0350940109599,7,1.5,86.4564066237833,12961.2709775251
729,29.0248046499377,54,27.4952135060835,78,27.8129590155258,"#C60038",1,27.5283735850241,5.19615242270663,2.5,78.4195788947452,3374.75040227942
275,11.6580928848371,30,10.7497654124271,104,11.816172883721,"#C60038",5,11.0721903570895,3.16227766016838,1.5,103.588712514358,399.721507588496
720,20.6237649311531,57,17.8426221890717,87,19.7696266857993,"#AA0055",1,19.0705872565217,4.35889894354067,2.5,86.7817344819157,2470.04605173621
753,31.4271780419866,58,27.7347366057388,115,32.5282962443603,"#C60038",5,30.1721753302132,5.3851648071345,0.5,113.858639660992,698.860111732458
600,27.3806453226953,78,27.3726340430758,63,31.2049377945596,"#AA0055",5,29.7202274768742,5.09901951359278,1.5,61.5538511794628,2650.77433478794
355,19.8017622716275,48,17.6893022750493,102,16.8423948792296,"#E2001C",2,17.6494787244965,4,1,102.850036233315,930.949863101569
278,30.5115203808372,58,29.6626256224598,132,29.6960563754584,"#8D0071",1,29.05351217041,5.3851648071345,2.5,130.347519814259,3861.15646954747
582,11.861580440757,18,9.974527782079,95,8.43032747383049,"#AA0055",1,9.94723319041152,3,1.5,95.7567706989978,239.935201490197
761,3.92516527182247,9,5.57800618392822,79,6.95505998891169,"#AA0055",2,3.44427641584562,1.73205080756888,2.5,79.2802969118656,115.64771082138
846,43.5818285634138,126,42.1264177064622,72,41.2469605186485,"#FF0000",5,42.8322807232344,6.48074069840786,0.5,71.5139934418108,2134.33186756034
42,29.3476352442154,54,29.1702364907953,112,26.3043438387795,"#5500AA",4,29.7154777638518,5.19615242270663,0.5,111.643667765256,763.947211788523
752,50.4633710753022,94,46.8281740847559,50,46.223641139951,"#8D0071",2,47.452168028913,6.85565460040104,1.5,50.0431028384741,7383.79043412164
595,16.0632747474874,42,15.1677240263526,81,14.5186270768341,"#8D0071",5,18.0464773892347,3.74165738677394,2.5,81.01936685979,1307.99390129026
104,30.8146536689153,87,31.0600342349205,118,30.67113634407,"#E2001C",4,29.0577262127172,5.3851648071345,1.5,117.674351003387,3932.42701802565
750,32.3351928005954,60,29.9829301043991,125,30.0648015750938,"#AA0055",4,30.0589452672594,5.47722557505166,0.5,125.395771856844,915.04699034093
433,28.8958390460165,54,27.8749225581565,85,28.2165491067614,"#E2001C",4,27.0919420876629,5.19615242270663,1.5,86.3804938594215,2255.4643891967
895,30.0924329481122,87,27.8264942205763,143,29.8183259241547,"#E2001C",3,29.0059103023014,5.3851648071345,0.5,143.434740068206,1522.99336591352
347,9.44686231335255,18,8.52794183545539,105,4.47198817834511,"#C60038",4,6.14706413498656,2.44948974278318,1.5,103.248379193223,187.055204088777
32,15.4263978002439,28,13.4339793672683,83,11.7563547872896,"#AA0055",1,14.1137058231122,3.74165738677394,1,82.9024259570485,348.303832357735
654,21.0679498587924,36,16.2824792936835,71,19.346133303758,"#E2001C",1,18.6019124696657,4.24264068711928,1.5,73.6588551269225,909.520031406667
125,19.1922051508965,51,18.6762319320305,115,15.2156640919088,"#8D0071",4,17.0383301791925,4.12310562561766,2.5,113.789467851441,2222.41146737916
799,13.9750035417143,39,14.1773236654154,134,13.3408388677684,"#71008D",4,14.0106052558927,3.60555127546399,1,133.369458928238,534.698875308407
87,36.9274853882064,72,37.2402776293814,101,38.0969147403094,"#E2001C",1,36.2418859477118,6,1.5,100.997222366808,3586.80482080385
288,61.5734902952953,180,59.7637483763391,90,60.2260270443947,"#E2001C",4,62.0423499598931,7.74596669241483,1.5,88.6984491770244,16393.4016956768
641,31.5113601498465,64,31.9739738895681,103,29.1761395958422,"#FF0000",2,35.3411598536564,5.65685424949238,1.5,103.094885535685,3381.35050482153
301,26.7786666295711,52,25.0237064379882,111,27.3776155046841,"#5500AA",3,26.1483981469593,5.09901951359278,1.5,109.884007942561,2458.35140732604
911,31.7992787926432,90,32.0180462090025,118,28.7468248635386,"#71008D",3,33.8757933638802,5.47722557505166,2.5,118.833346947699,8450.59028131718
541,17.7764047641884,34,18.5049321681474,94,14.7963702550178,"#8D0071",5,17.2637805260405,4.12310562561766,1.5,93.0814528237549,696.467992565051
875,31.6259306543783,87,26.510987320173,107,29.1099052797418,"#FF0000",4,30.1307273189571,5.3851648071345,1.5,108.939573217014,3824.39364317885
386,16.8043844808011,26,10.404998546596,135,18.2469903336374,"#C60038",4,13.1273656602836,3.60555127546399,1.5,133.67716789935,559.030332265631
764,66.4636261536536,195,67.2175203873926,109,64.1342096128764,"#E2001C",3,65.5598740892227,8.06225774829855,1.5,109.798276705566,23054.7394397744
240,29.6751948662149,84,28.4511912688603,86,28.0269926231368,"#C60038",2,28.0000509860878,5.29150262212918,1.5,85.9425716216417,3940.43564413363
951,32.6101198899704,62,30.313783222789,122,31.2480696137977,"#5500AA",3,42.0937978897389,5.56776436283002,1.5,122.285246304557,3733.65724646028
681,26.3574398615485,50,24.7538777603343,101,26.3430249202888,"#E2001C",5,28.6403072204786,5,1,100.8848719158,1048.642070017
138,45.2925425599937,88,46.1089585312775,100,45.0270771578176,"#E2001C",5,44.7483165051712,6.6332495807108,1,102.805860443631,3173.29653858361
806,43.086223563194,123,39.4159457618217,71,40.7824345260862,"#FF0000",2,41.9694875778493,6.40312423743285,1,70.9828763493821,5583.2185904168
158,58.5362910400493,168,57.6524020768093,100,55.4155098686868,"#8D0071",5,56.0307168138082,7.48331477354788,1,99.6879057089127,7625.79454991554
260,22.4307726783422,63,25.1745197842801,110,21.4099076816005,"#AA0055",2,23.2920472534508,4.58257569495584,1.5,110.605501867369,2358.263175265
74,30.2960040407713,78,25.9313013648611,118,22.0339810410597,"#C60038",3,26.578522954213,5.09901951359278,1.5,117.711528692655,3675.69337667007
732,7.0716629935605,12,4.75549624306921,59,6.01534120879405,"#C60038",1,6.51191376420459,2.44948974278318,2.5,58.2907674310965,163.20460416309
181,11.9140489455147,27,8.06278232547482,102,9.00554437068719,"#5500AA",2,9.72495876301415,3,1.5,100.123585316124,424.19593486192
488,36.2554779617466,105,36.6524141046924,103,41.9906085279712,"#FF0000",2,35.000419251018,5.91607978309962,1,101.963989117417,4272.12903754681
223,25.7728454000586,46,25.2480829481269,77,22.2879809098222,"#E2001C",4,23.1124829288104,4.79583152331272,1.5,76.9545521764643,1648.96976435455
339,15.3498012899902,42,15.2506102694518,89,15.8895491958352,"#8D0071",1,14.7748345342368,3.74165738677394,2,88.718418221444,1137.7221229989
113,18.1293472969583,32,17.5399071513688,86,20.4470686038161,"#E2001C",1,16.2746478828109,4,1.5,86.507873811342,766.205862689345
190,36.1706891850996,66,32.8397428703425,109,32.2867978447045,"#8D0071",3,33.2137089555018,5.74456264653803,2.5,108.731457890666,6634.16463657434
884,15.3999418260428,28,13.6926005799039,57,15.889236091289,"#8D0071",5,14.5447435295867,3.74165738677394,1.5,56.7177862225492,495.816014242796
343,15.8553933796428,42,14.6207135915222,86,11.7739196125684,"#AA0055",5,15.1370187795157,3.74165738677394,1.5,85.4101172934346,719.991534554985
815,17.4139124934404,32,18.1357812378005,83,15.9583266476112,"#E2001C",5,16.910194975434,4,2,82.6557227343631,866.098247962253
706,18.5141605482627,36,17.5010297047532,119,19.8667759751393,"#1C00E2",3,20.853025883257,4.24264068711928,1,118.28312360523,818.79345544783
553,20.1991815610156,57,19.2703545373728,87,19.0096758874482,"#1C00E2",1,21.5472971794024,4.35889894354067,1.5,88.3173390397795,1526.33531509281
831,37.9915555824654,108,35.399518813185,113,38.8129280324638,"#E2001C",1,36.1326926669755,6,0.5,113.908954781393,1792.66163110566
932,9.30142180433736,21,9.32030805879464,79,6.18866891180028,"#FF0000",2,7.01170635587717,2.64575131106459,2,79.1639974555691,360.880248864248
322,30.332279474668,87,30.3622217392455,86,28.5281321013319,"#5500AA",1,31.9540095807251,5.3851648071345,1,84.4328940699898,2351.19912182089
563,55.1257384029061,156,51.2248422291485,74,52.1621630774268,"#C60038",5,57.9724406556876,7.21110255092798,0.5,72.4744792945302,3351.16958017184
274,44.5146395724431,126,43.8849937544518,84,39.9399976770882,"#E2001C",3,45.0785160393304,6.48074069840786,1,83.0579355664805,6514.30270215628
568,36.8286839219789,105,36.6471858146635,95,31.5245438773248,"#C60038",5,37.3394219204813,5.91607978309962,1.5,93.7906829259971,4468.7545383941
374,46.5384664138157,90,46.4315305707005,99,44.6856250251583,"#FF0000",3,46.3243572882512,6.70820393249937,1.5,97.7663962070219,7419.71772545981
387,46.1369890269858,138,45.5235495054774,81,46.4592578286936,"#8D0071",5,47.3820730979197,6.78232998312527,0.5,80.705051524355,2555.48569035256
49,5.93038620889137,15,4.52660777250123,98,5.16308760085797,"#FF0000",1,5.00975472079022,2.23606797749979,0.5,98.2033675238973,35.8036465330024
509,11.2180279430184,20,9.60912521752567,56,8.3041715468429,"#8D0071",5,10.2352314529151,3.16227766016838,2,55.6216831877474,317.567642613681
503,24.2752642657372,48,25.8858994006723,120,25.9414668328172,"#3800C6",3,24.0003812781914,4.89897948556636,2,118.475837890143,2859.80922924186
995,45.0169582790441,132,43.6652595457916,116,46.2798210091355,"#C60038",4,44.1980701951978,6.6332495807108,2.5,117.958693801907,14732.5258897271
40,22.8616836254383,63,22.808769724481,115,18.8069736238334,"#FF0000",2,23.0201875339927,4.58257569495584,1,115.771235196032,1505.54817227338
490,54.8626280079308,156,51.5553060490934,92,54.0970130348525,"#E2001C",1,52.1519795754688,7.21110255092798,2,92.6100712573772,14865.3046728955
907,32.8978594353364,93,31.7726743248182,97,28.4895642787602,"#E2001C",4,31.8239012925868,5.56776436283002,1.5,95.4532455019626,4351.40682685086
409,48.4005225285882,141,46.6012750138584,101,47.4268966526253,"#8D0071",5,49.9166587135592,6.85565460040104,2.5,100.021045233072,13499.0989492799
737,31.8405372291466,62,30.393351860981,88,30.4369438021436,"#C60038",1,31.3917895234494,5.56776436283002,0.5,87.7848525102013,867.034285589922
575,40.2121108681915,76,36.9504743061565,119,38.5151662164025,"#FF0000",1,39.5712487089206,6.16441400296898,1.5,118.573785923863,3967.04326796912
973,23.4540920235226,63,23.6535098197927,124,19.9124423001262,"#71008D",3,21.1095259161191,4.58257569495584,1,124.852592016366,1651.89169131692
119,21.5955800561711,63,22.6330035961863,98,21.7059029309786,"#1C00E2",2,21.9854619872219,4.58257569495584,2.5,97.7456394026786,3775.82185737251
574,86.8353267206442,168,83.9234385108039,125,84.3354644413431,"#5500AA",4,85.5863065253018,9.16515138991168,2.5,126.307332307445,35675.4723729473
878,27.5135859344414,78,26.5258357845912,57,26.7698983920447,"#AA0055",3,26.0006577147232,5.09901951359278,0.5,56.9313991807303,1245.03279163022
540,40.4830716025205,74,35.5453144444226,98,35.3108796788374,"#5500AA",1,38.0764407629964,6.08276253029822,1.5,97.4963862722586,3724.08220191802
653,11.9206774062455,33,10.6409621891232,94,12.2406930531605,"#0000FF",4,11.6273659020415,3.3166247903554,2.5,95.0939505990167,950.683976683433
897,31.271187956532,58,28.2848565174722,68,27.0797840821977,"#E2001C",2,29.0728529629902,5.3851648071345,0.5,67.5239798537727,922.765367946218
159,43.7206757921411,84,45.4449523088333,64,39.4206333133528,"#8D0071",5,42.4026199718253,6.48074069840786,2,64.4808849957441,5725.62201665553
756,37.2296018866286,105,38.0504504290602,95,35.0837891323702,"#FF0000",4,35.0852847892782,5.91607978309962,2,96.3825900968363,7580.245892065
250,8.1536940951155,21,7.3647533323387,83,6.06703187641847,"#E2001C",4,7.50834987030021,2.64575131106459,1.5,83.129107054181,228.52023085147
977,34.9808321286831,99,34.66231323737,76,31.7137758420829,"#C60038",3,34.4926785126471,5.74456264653803,1,73.1732576656505,4011.03974703146
103,39.837510875178,111,36.9558365630194,96,38.9753065872793,"#8D0071",4,37.5928599335222,6.08276253029822,0.5,95.5475320178895,2113.56033696278
851,26.2165216540797,72,20.2160078905403,145,23.1907263199166,"#1C00E2",1,24.0584973870415,4.89897948556636,1.5,144.711230219941,2289.44451343062
631,31.2187325247464,62,30.5153886739188,102,30.7121932453071,"#FF0000",4,31.2390330373562,5.56776436283002,1.5,101.842847336749,2877.99031048946
228,41.1472257451078,117,37.2255983627865,71,36.8526896886094,"#E2001C",1,39.7642587973115,6.2449979983984,1.5,71.4991708482108,6128.63608708684
910,46.0340441773616,132,44.5460331204139,121,41.043387388099,"#FF0000",2,44.0374178782555,6.6332495807108,1.5,120.485883228077,9568.91392772158
166,41.5711234486555,78,41.6017057157503,81,39.5312495071944,"#FF0000",5,39.361845520959,6.2449979983984,0.5,79.2400913409436,1253.89145830251
479,40.1637086562214,120,42.6845239845818,86,39.9638261366801,"#FF0000",1,42.8503987324525,6.32455532033676,1,85.2838590616976,4443.59294127631
205,43.0844677555677,82,42.2117503628104,96,38.9833023891423,"#E2001C",2,41.2025948241342,6.40312423743285,1,96.3035272197623,3726.24088780281
58,42.0188160990067,120,39.9432532350729,84,36.9490123996606,"#8D0071",2,41.3977635871122,6.32455532033676,2.5,84.8561358795012,13222.2399270558
258,24.9114841527193,48,24.4731671863394,92,26.5894747264134,"#C60038",4,26.8464273742069,4.89897948556636,1,91.5876393916587,1217.06495241258
36,15.8417869436054,39,14.8953253795675,103,13.3247614311164,"#3800C6",4,13.0125648191673,3.60555127546399,2.5,102.911924114275,1366.36347629668
536,48.3846770203332,92,48.1059371619253,77,45.7395956709625,"#71008D",4,46.0092698494839,6.78232998312527,2,76.6571186771181,8621.66997173666
626,19.6524844630243,54,19.2715256808758,111,16.628304627415,"#FF0000",4,20.7069594705485,4.24264068711928,1.5,111.145468829218,1529.14571154741
341,31.6757657932999,84,31.6868894561962,94,29.4478054649937,"#8D0071",4,28.4761681513092,5.29150262212918,2,92.9546685696557,5016.9853984605
220,12.1146281752725,20,9.68851273757794,100,7.66374989785063,"#5500AA",5,10.0361700624616,3.16227766016838,2.5,100.312939740584,397.337426725885
259,25.0911308981077,66,23.3629842031555,97,22.3294280371479,"#FF0000",5,22.8709606279048,4.69041575982343,1.5,96.8114021850078,1832.77874184345
691,21.7371038288288,42,20.9109405933414,59,21.8830051101911,"#AA0055",3,21.1736817005949,4.58257569495584,0.5,59.5266157069382,539.318461121037
70,38.9177484571996,108,35.067584481543,79,35.3778630802927,"#FF0000",2,37.4290220991914,6,1.5,79.9443094582654,6516.65896319187
792,32.3310029582626,58,30.1919196024659,94,27.3138936510254,"#FF0000",5,29.074414945722,5.3851648071345,1,94.4481715704505,1373.06439671183
369,31.871359260392,87,29.3574748023174,102,27.7802236571962,"#1C00E2",2,29.7902579783247,5.3851648071345,2.5,100.945402905188,7071.1426590655
511,41.3891590155699,123,40.1628947657037,95,40.4030880240696,"#AA0055",3,41.0164044122542,6.40312423743285,1.5,96.0464969122867,9033.9065634275
758,42.9161669004578,82,40.4970344367024,98,37.8440573915833,"#71008D",3,41.262921966765,6.40312423743285,2.5,98.0184131279937,10015.211303347
862,20.9475736467423,38,20.3542045960464,117,22.0783398555349,"#E2001C",5,19.1434165102546,4.35889894354067,2.5,116.778624967166,1543.93635101756
241,49.5184140677183,98,52.0187884550004,96,47.1669306659569,"#3800C6",4,49.3223085276392,7,1.5,95.7060861663175,7263.28347262597
662,10.6191857816488,20,10.4401956613503,106,8.00150027046289,"#E2001C",2,10.7485794143742,3.16227766016838,2,106.002792309503,440.326050234462
668,30.3312839129407,56,27.7260921907406,100,26.3987017813202,"#C60038",5,29.6029311619844,5.29150262212918,2.5,99.9612874693006,3184.08309012178
736,26.8978166967546,78,26.8105031551393,98,29.1982989567937,"#C60038",4,26.0510747679617,5.09901951359278,1.5,96.9297786506983,3157.93980834429
622,23.5307696274036,66,21.7341232942495,98,25.1238216023378,"#C60038",4,22.0555330625717,4.69041575982343,0.5,99.0076708194072,757.339704890721
204,30.2924761594667,54,26.1222438764904,108,26.3485457603531,"#8D0071",3,30.1852134364333,5.19615242270663,1.5,106.019715586031,2718.61815187057
923,6.7651063733094,12,5.6052302987057,142,3,"#E2001C",2,8.09518044331762,2,2.5,141.080387050071,182.352800011267
302,28.5470140063845,81,24.9916255022543,95,28.4501660353497,"#71008D",2,31.2445550347863,5.19615242270663,1.5,93.6880047855467,3749.1257330562
920,45.5536320721156,86,42.399286308763,95,43.8140685187795,"#71008D",4,43.3141259972727,6.557438524302,1.5,95.4672903838392,5628.96000312465
952,29.9007367367226,56,26.0658431236426,79,26.4438905055747,"#E2001C",3,28.0763198492216,5.29150262212918,2,79.4188087661623,3723.9437297497
329,19.0185664330002,51,16.5884237131734,121,17.1875358056204,"#FF0000",2,17.609509717889,4.12310562561766,1.5,120.612545590695,1472.62246591146
8,42.8178389947536,126,42.5457227451528,94,40.0660882082948,"#E2001C",5,43.2126281746357,6.48074069840786,2.5,94.9520715030502,10619.322888894
697,25.6299385574206,48,22.8181336002726,64,22.2470890321185,"#5500AA",2,24.06550490695,4.89897948556636,1.5,65.906124870233,1884.07507584294
246,27.023853958616,52,27.2032719180917,95,27.3022519390934,"#AA0055",5,26.3483884840113,5.09901951359278,0.5,95.5373758729179,557.468883680137
989,36.3595761544677,68,35.3135631406577,63,36.511568348301,"#FF0000",4,34.5917932184211,5.8309518948453,1.5,63.2492079122006,3608.48982549389
715,16.840608638773,28,16.0505031847283,87,13.879368892595,"#FF0000",1,14.1075684841042,3.74165738677394,0.5,85.8258368827284,188.518520867234
816,24.1479190443164,63,19.9879180394283,83,20.1821321751036,"#FF0000",3,21.1019884227673,4.58257569495584,1.5,84.1101960085552,2414.7148362276
562,41.0251913436761,76,39.4462222356677,69,37.8700385123631,"#C60038",2,38.3627607839778,6.16441400296898,1.5,69.2678622417947,4884.44952116397
397,7.50442147806308,18,7.94761153960321,129,8.40133632178385,"#5500AA",2,7.00831822595359,2.44948974278318,0.5,128.125353668931,73.11149504843
888,48.8141728171925,138,44.8856239391247,88,44.5887638946824,"#71008D",4,46.9180950028792,6.78232998312527,0.5,88.058115883032,3190.70996390656
268,40.935824446199,76,36.1379581862647,116,36.2696758464886,"#C60038",3,38.5018850919983,6.16441400296898,1.5,118.074162855983,5197.24276295719
281,28.4880599178266,52,27.2112134735388,119,25.5433147658109,"#71008D",3,27.3713131737781,5.09901951359278,2,119.0426468683,3362.00562408892
659,28.9496299938205,52,26.3412390545221,112,23.0819560654914,"#C60038",4,26.006058961963,5.09901951359278,1.5,110.941079411549,2034.85167099398
771,30.8368021780587,56,29.1991290894235,100,28.3790823313904,"#C60038",3,28.026897198178,5.29150262212918,0.5,100.149392751182,970.799033307361
768,28.2251439310951,56,28.3530096025702,112,27.9551706021921,"#C60038",4,28.2345265187563,5.29150262212918,0.5,111.216612950226,787.516576616063
116,25.9794869010454,48,25.9476471730104,83,25.6773387481202,"#FF0000",4,24.1041237116042,4.89897948556636,0.5,82.1898710886888,604.591134450833
353,50.3278618539953,144,49.7247134911675,142,47.488837153801,"#FF0000",1,49.2757325509123,6.92820323027551,1.5,140.957045572073,9519.44764511125
917,3.4024696992911,2,3,107,3,"#5500AA",1,1.55539765831249,1,2,106.451422451517,10.0610869489919
28,10.6554047801537,18,12.7101995404852,77,7.79223766167346,"#AA0055",3,9.85287095114445,3,1.5,77.266887497882,325.336307306682
360,27.6133308965603,52,30.6182328199117,167,24.9804709764641,"#FF0000",2,33.3378432102465,5.09901951359278,1.5,167.811751500858,2446.96765631947
692,43.2220534542793,129,44.3137691831711,101,44.4927024931327,"#FF0000",4,43.3320927148905,6.557438524302,1.5,101.018149116602,8452.57405973643
677,41.9042160916234,74,35.3509420356874,88,37.8983168548269,"#8D0071",4,37.1079481572985,6.08276253029822,0.5,88.8875657011708,1403.422096933
776,67.6801868280224,192,64.2776522576555,78,64.4268234610423,"#C60038",3,67.9453846103285,8,1.5,77.1039361620718,22695.2767956573
69,19.9243162133076,54,19.3734290592664,85,16.8579632128838,"#FF0000",2,18.2234496291992,4.24264068711928,0.5,83.3519358780559,547.084135079119
92,89.7595873120592,261,85.6705078349636,74,87.3038946439688,"#FF0000",4,88.8318086915367,9.32737905308882,1.5,76.3903828315852,34344.0924040135
612,25.1306123789868,48,26.4619582205002,148,25.3735581751495,"#E2001C",2,24.0879658111957,4.89897948556636,1,148.99120587895,1321.56244470534
106,9.78495624201476,18,6.59844425882134,91,9.12813898658367,"#5500AA",4,9.12964958107667,2.44948974278318,0.5,90.4499666914149,73.6041070147085
155,21.4912868180332,38,19.6384746418213,69,21.6067295116393,"#FF0000",3,19.9920560713511,4.35889894354067,1,68.9005324704904,929.664881501235
33,31.0037972037286,58,28.0256155968713,85,28.3041407868817,"#C60038",5,33.2986043915941,5.3851648071345,2.5,84.1003526001167,3470.56641771467
111,22.0154451062625,63,21.3703508249908,110,17.2683723027601,"#E2001C",1,21.6124082772974,4.58257569495584,1.5,109.164066739488,1755.72853319688
165,25.1602210844728,48,26.9190367632293,134,27.1221961364212,"#8D0071",1,30.4229108154015,4.89897948556636,1.5,134.573933753842,1732.34570155568
499,42.3061384785487,120,38.2917471605537,108,37.2663179086347,"#0000FF",5,40.0017574182809,6.32455532033676,0.5,109.385458447732,1901.8986837215
434,48.7912888972761,141,47.4111516187845,116,45.784904024391,"#FF0000",1,47.3591738351694,6.85565460040104,1.5,114.291621605856,8998.00357616575
542,7.58682536562897,12,3.37746165987198,115,4.199819713985,"#FF0000",4,7.77287201119473,2.44948974278318,0.5,116.005067934741,37.7294424355581
41,30.7506877468476,90,32.7841404188467,66,29.5431329629062,"#E2001C",5,30.08357316131,5.47722557505166,1,66.1142469378767,2207.64034071259
171,20.4837152042731,34,17.9109520910725,104,18.4362724120842,"#AA0055",4,17.6893826712085,4.12310562561766,0.5,104.181268072072,311.350364159443
513,38.4492960112376,108,37.7600608474857,106,37.7390386132975,"#3800C6",1,37.0324094222832,6,0.5,106.893721542739,1818.34714511537
721,41.8125271499104,76,38.4526590938618,116,38.8773911990828,"#3800C6",5,38.7941249095291,6.16441400296898,2,115.841923698441,4766.02252490842
39,11.671120874661,18,13.3509337520258,43,11.724394537502,"#E2001C",3,9.13743540067903,3,1.5,42.9353979632539,355.582969943597
157,41.4822201177349,117,37.6019505531187,117,37.7860215297619,"#C60038",3,40.1795749030662,6.2449979983984,0.5,115.28233189465,2751.82106203034
901,49.3275045595817,92,44.5496012556328,117,47.7545893036535,"#C60038",5,46.4366792386122,6.78232998312527,1.5,117.448848799992,5169.67855461315
504,13.9932950561443,28,13.9070379149763,88,14.7539467943052,"#5500AA",3,14.5685665742321,3.74165738677394,1,88.4635910343248,479.081118436825
378,46.8244897190423,135,47.9173392136831,73,47.7258379380509,"#C60038",5,46.4460718188813,6.70820393249937,1,72.44755303275,5051.98430872935
686,12.1715253476127,39,12.96459531279,99,9.92422703154348,"#C60038",2,13.410977155035,3.60555127546399,2,99.5386679109092,1057.38660228511
237,47.8978022879036,141,47.907002203909,100,46.8007864871031,"#5500AA",5,48.3361602851807,6.85565460040104,2.5,100.063688637896,13419.9784599329
966,14.6389822184821,30,10.8114575240235,75,9.39015463816486,"#FF0000",3,14.090624971132,3.16227766016838,1.5,75.1089368845547,636.566105884021
782,21.5378004332835,38,19.5598124131877,117,17.3633519007482,"#1C00E2",1,20.6955569486066,4.35889894354067,0.5,119.139246331752,339.834550531477
754,39.9748701798237,78,39.5760040031268,107,38.1669445448726,"#71008D",5,40.839419186087,6.2449979983984,2,105.2244791142,4930.25313744539
695,55.7896773017277,106,54.6708751410381,129,53.4010126356607,"#8D0071",1,54.1737781115049,7.28010988928052,1.5,130.288243321008,7760.31976541684
943,51.7428755161545,147,48.6721051944889,99,50.8838290326939,"#71008D",3,49.7110679789752,7,1.5,97.8895691150316,13230.4122981798
324,35.0792814200856,102,37.3157278755445,85,32.6732661667616,"#AA0055",1,34.0006353576154,5.8309518948453,2.5,84.9414463857728,7943.8044530241
755,43.6919416786772,129,45.6892721182803,77,40.6673226224212,"#FF0000",1,43.3519834976276,6.557438524302,1.5,77.8622902816793,7540.09239899101
793,22.2546559494359,57,17.9930039674811,103,18.8676093450882,"#C60038",1,19.0077412165314,4.35889894354067,2,103.589717348617,1994.55389236819
93,39.5311223339809,76,39.8178865813828,76,39.1970222628022,"#C60038",1,40.8607995007462,6.16441400296898,1.5,75.3498454446015,4050.13801097588
859,29.7743659401516,54,28.024472580182,61,25.9233897967911,"#C60038",1,27.8542111189785,5.19615242270663,1.5,62.2691376511956,2022.71362462958
110,77.8689934525653,148,73.5528479820507,93,70.1652699491092,"#AA0055",4,81.4855329938096,8.60232526704263,0.5,90.7734211375725,5580.44855792509
470,14.4162981123864,36,9.49448132470028,113,14.8382650326664,"#71008D",3,12.3485827719188,3.46410161513775,1.5,111.183493832471,817.928742884539
147,43.7006882957523,120,41.7480123906885,92,33.9641346411642,"#FF0000",3,41.0701497730138,6.32455532033676,0.5,93.1945544224461,2888.14953987136
198,47.6925522999858,88,41.7674616794202,92,39.6144286286599,"#FF0000",1,44.4774165814795,6.6332495807108,1.5,90.7224216966163,5167.75459604021
482,25.4145149084587,66,22.9319554208654,107,21.2175462955136,"#3800C6",5,23.0712141185129,4.69041575982343,1.5,107.183158670597,1818.00521364527
358,10.9991088544728,14,7.08665737299249,121,6.6102727864482,"#C60038",2,7.0114472051816,2.64575131106459,2,120.62432877527,239.062443884896
749,8.36630639514887,16,6.74342385907361,89,7.47240641378308,"#C60038",5,11.2743590764541,2.82842712474619,0.5,89.7365190579268,56.3128336108352
208,29.0798726381656,78,26.775775012586,71,23.7670723986946,"#AA0055",4,30.1791076141393,5.09901951359278,2,70.5719586336192,4237.58898173749
775,19.4115921198628,34,19.6305487459858,94,13.0813467225869,"#E2001C",4,20.6999242430341,4.12310562561766,2,96.1285640820341,1224.72696499002
852,17.8852501571206,32,17.0634047787241,92,15.7084615514751,"#AA0055",3,17.6276418465696,4,1.5,92.2239757784979,971.184391784903
89,49.6656470155782,141,47.1825968937129,135,46.612858883773,"#E2001C",2,47.514424687327,6.85565460040104,1.5,136.175558800026,11076.1768524626
636,18.8944939539415,51,19.4802578676094,100,15.4102395503984,"#1C00E2",4,17.0148578323636,4.12310562561766,1.5,98.5572296139619,1341.89492243995
839,10.4027928181168,16,8.90043696749594,75,9.40739637049224,"#E2001C",5,8.00088562993048,2.82842712474619,2.5,74.2747137995095,287.428389230136
587,3,6,3,146,3,"#71008D",3,3.00549388306189,1.73205080756888,2.5,145.223578202549,55.2433561815722
443,31.8895782004352,60,30.3969057386411,83,32.4819677910718,"#8D0071",3,30.9691302753834,5.47722557505166,1.5,84.7366127438082,3367.66838406329
821,38.3293277721143,72,31.8610068710316,109,35.5416196441425,"#8D0071",2,42.2313596055122,6,1.5,108.257731562544,4372.22606965549
689,18.1465629773346,51,19.3900700405957,114,16.3529106474395,"#FF0000",1,18.3377759955101,4.12310562561766,1.5,114.609041758588,1231.2692334889
1000,68.4985433971393,198,64.591963928529,125,63.5791817578865,"#AA0055",3,66.2440065150487,8.12403840463596,1.5,126.467976440597,23447.4361987091
683,17.4724278735993,32,14.1963169852572,93,15.4459055440178,"#8D0071",2,16.0970952275769,4,1.5,92.3933908327703,837.869424690336
962,20.8509370573392,38,21.0373396617813,75,17.0430210693828,"#3800C6",5,19.0445263949113,4.35889894354067,1,75.8989729109962,592.511983946157
498,33.8217212389911,99,32.3590715483217,110,36.369243623488,"#C60038",2,33.1333688556005,5.74456264653803,2,110.140159350023,7347.98929275446
679,35.148092848403,66,33.4485773887466,128,30.7759525782324,"#5500AA",4,33.000431166613,5.74456264653803,1.5,126.100812680314,3273.48728152382
