feature_1,feature_2,label
-0.10036790492211001,18.513292883861965,True
0.36057144512793293,54.190094737835814,False
0.18559515344912408,87.29458358764083,False
0.07892678735762929,73.22248864095612,True
-0.2751850876460508,80.65611478614497,False
-0.2752043837310379,65.87833667107174,True
-0.35353311026544043,69.22765645178525,False
0.29294091661994814,84.91956515653193,False
0.08089200939456705,24.966800885918595,True
0.1664580622368364,48.942496364314046,True
-0.3835324045633581,22.120944181960223,False
0.37592788172959546,98.7668007996647,False
0.2659541126403374,94.40593396866133,False
-0.2301287114573791,3.94268113685059,False
-0.25454002623431954,70.55751725156884,True
-0.25327639211725295,92.52483174156659,False
-0.15660620563236982,18.057534512733355,True
0.019805145305790275,56.79452305526295,True
-0.05444398508630739,91.54882975880419,False
-0.16701668784156648,3.394597858579884,False
0.08948231577790358,69.742026724684,True
-0.28840491147836655,29.734900737255078,False
-0.16628428117182548,92.43961953765304,False
-0.10691052536504664,97.10582451653677,False
-0.035144012626371256,94.42664891134339,False
0.2281407691144109,47.42142166574638,True
-0.24026097427331222,86.20426509893134,False
0.011387550730889285,84.45493985350704,True
0.07393165508963398,31.910047324325564,True
-0.36283966982400184,82.89154741506773,False
0.0860358815211507,3.700763471549262,False
-0.2635807010501668,59.6269878482053,True
-0.34795872561177643,23.000883728770305,False
0.3591084298026666,12.056688577727881,False
0.3725056264596475,7.695320162920916,False
0.24671787849316892,69.62887758781397,True
-0.15630898466130347,33.98749637680661,True
-0.3218623087948929,72.47667715287615,False
0.14738642120972553,6.535634079894237,False
-0.04787800500831896,31.529033783061035,True
-0.30236941212417695,53.949129237533725,True
-0.0038584719109838518,79.07231648389636,True
-0.3724891831078253,31.875250293206992,False
0.3274563216630257,62.58913764370091,False
-0.1929760147199865,88.5977748236187,False
0.13001782748318558,61.58631881823046,True
-0.15063113912847126,23.295947475363377,True
0.016054416942248653,2.440078155653802,False
0.03736822347462372,87.00988739009298,True
-0.25211643557957836,2.126941085038714,False
0.37566770221164686,87.47016726841994,False
0.22010625868889167,52.8937134027212,True
0.3515991532513513,93.90676985128962,False
0.3158618803421191,79.87832357736654,False
0.07831998304886811,99.79341105333374,False
0.3374993880184935,35.071181545171015,False
-0.3292059983584644,76.71882889311269,False
-0.24321371006468384,40.193091360924214,True
-0.3638181688715696,47.98756203039088,False
-0.13973573538938852,62.75054632183701,True
-0.0890581682484144,87.36771141863387,True
-0.1829207745808833,98.40834691992951,False
0.2629900073215435,76.82734138645182,False
-0.11459733864512858,41.77667821673337,True
-0.1752523922500954,42.13570022770702,True
0.03415686652659877,73.75823015888915,True
-0.28726062002018987,23.877714576830233,False
0.24175758460323174,11.047411313139467,False
-0.34035948505618335,35.462215764077655,False
0.38950954928041387,28.723899165408174,False
0.21779581543732596,29.630812045599008,True
-0.24102745477266208,23.360775104990992,False
-0.3955823063011181,4.209318963636188,False
0.25236914276386735,1.787393473341381,False
0.1654858750780937,98.77223897360315,False
0.18320573443278987,42.77731337358623,True
0.21701627734875661,38.432664715968166,True
-0.34076427861272773,67.96472826930699,False
-0.11322741716458191,21.825388786506416,True
-0.30730475237989624,94.99611839502253,False
0.2904827407004748,78.6345014415552,False
0.09863850146204634,8.94110023122595,False
-0.13528158011788066,41.75807757849284,True
-0.34915331977118114,87.91183075621647,False
-0.15121414262747024,94.47320222914102,False
-0.13985334237860236,46.74015112498697,True
0.18368494267045127,61.34113892107077,True
0.11004597708417051,16.70339460920752,True
0.30977019406106127,99.11686261369765,False
-0.022228059870440565,23.16717013834434,True
-0.30432460324935867,94.27317741351257,False
0.17059582977839602,64.96466489923685,True
0.20862803889351797,60.773679487885914,True
0.04902175805559699,51.26885110165086,True
0.2167737439636488,23.06698117177587,True
-0.004963522908487406,17.652803200550828,True
0.018186263505595247,22.048620907017536,True
-0.0579671853131603,18.643826214425452,True
-0.37966469860472385,77.95844735667534,False
-0.3136868584053565,35.01252591667301,False
-0.37485665145061264,5.784267656339637,False
0.10912832901102432,96.91026301408114,False
-0.14851521513893867,88.37858849634257,False
0.006856552931762217,92.77522831952129,False
0.32605317914087445,99.49078226464353,False
-0.20056621668090005,17.38952492194873,False
-0.07169366157149622,39.62420189026587,True
0.20444091083443894,75.82384757040913,True
-0.21696146760670204,69.60206180537922,True
-0.3384160721369656,15.389590633985506,False
-0.16819883766898558,81.58331249906178,True
-0.2710229701967965,22.444057183666068,False
0.34375812187405846,22.38176148226231,False
0.24649630365153358,53.69744228934136,True
0.10672300520833877,59.293993484170315,True
0.29716847215017417,58.00862078378112,True
0.24293766151929158,9.148683739775487,False
-0.25074395289117135,87.74608626303804,False
0.31404719879198223,26.560004258870606,False
0.031473793532520576,12.951492128280417,True
0.24595212413125003,88.87480798689772,False
0.3168730399387946,95.56514982297534,False
-0.1455972200225089,86.21276172654507,False
-0.3119584603778586,80.95160747248781,False
-0.21765186996644667,65.52419806390218,True
-0.05831376909899495,55.08573706091393,True
0.2544118127379945,8.698675991141014,False
0.28858446660507475,40.845321307069874,True
-0.39443829557504745,37.2688517012314,False
0.008597842062052585,25.97537837603262,True
-0.06607119748097681,72.3420113688585,True
-0.22231375162341582,49.58757350787708,True
-0.30410770613305377,8.104621590764793,False
-0.12990786287709763,22.018320194981133,True
0.35432776313001535,68.32587636595959,False
-0.1414376543833958,7.613085949030019,False
0.01503249739469288,85.12069140487687,True
0.1624151671161423,49.51465270139743,True
-0.10909631809656482,48.0586577326648,True
0.37742566617676854,59.24077846595176,False
0.36995783595368903,82.46809659251491,False
-0.19857416333970868,34.780920790219305,True
-0.0022011952860916395,67.80161525590636,True
-0.15929735214658428,56.5731963995791,True
-0.17212760449802592,26.70282701694213,True
-0.3704904421163738,87.8629986355158,False
0.08765146718391748,79.74260216069281,True
0.0021432185830891903,65.84518346584255,True
-0.3588169990000085,85.05817290942419,False
-0.17708282861071087,86.72942009598023,False
0.326612708773323,70.83629767150347,False
-0.20835048746642207,83.7013328363672,False
-0.2840841023270215,69.74714616692836,False
-0.008437791777949588,68.01407717603004,True
0.3885203632884806,61.86113782151843,False
-0.2063557827907997,75.27166395576413,True
0.13770843792470286,15.86051052930737,True
0.20929569226297406,88.08707591989284,False
-0.20988996480608027,87.1843527745232,False
0.18257307888948768,2.9247283034559146,False
-0.10577349382459743,82.58167505647627,True
0.10584466447486358,12.886986747344519,True
0.10682376860871577,33.51188542591419,True
0.028619747259806785,74.35082562916078,True
-0.3277681839564734,16.07598960483082,False
0.2682419964713904,81.79670241190622,False
-0.14337594802261133,83.21341779577419,True
-0.25078519168011665,50.746773376083624,True
-0.3673798867561889,0.638587171683358,False
0.07271435455059345,28.703813317491278,True
0.14205148947382593,61.69269183757422,True
-0.3867297368577151,98.11861780274235,False
0.009674446639424784,63.18135270166684,True
-0.21880337984164966,25.98035810641598,True
0.11613823232755989,63.40057030996113,True
-0.2605068567960069,53.99853797158555,True
0.15275019048197278,77.98453951511436,True
-0.09061172295957008,10.698063882695841,False
0.34938399098938766,76.1027902502028,False
-0.2899832446832054,54.12665786761103,True
-0.1271469191597932,96.29920038589947,False
-0.30922118300752877,34.187216603868606,False
0.33975489462285025,63.26218931339481,False
0.3018714827047848,93.20281055100175,False
-0.19364669782787552,10.250972799067926,False
0.12798723682734323,93.72284872364511,False
0.2537777601609727,68.78857223008133,True
0.044160649279569864,6.78370591051719,False
0.02372046268480519,30.096356694681624,True
-0.20651816727963868,70.81720886452815,True
-0.3255177857552807,6.73506014687717,False
0.3177726063626614,58.217046017627325,False
0.3203344457306644,34.588305695295674,False
0.10648116581861436,62.091551776747714,True
-0.12877616716103946,4.5742033812512854,False
-0.1206323403098713,87.15368061523763,False
0.1807645430961915,97.3488969177397,False
0.3176882079620617,96.88778552856915,False
0.30966913941209384,74.96518317429248,False
0.2239004366860991,13.008624013063198,False
0.11362531692343021,75.82631959290225,True
-0.33268802800396097,2.458691645880151,False
-0.270697028724309,2.2123551528997254,False
0.31884335082166343,32.36102191495412,False
0.08514324772767196,48.864319040466576,True
-0.3926423587066963,77.04074178077931,False
-0.3188227657071743,68.32953766065052,False
0.13080141528644465,44.590270637674834,True
-0.3959507329230251,27.362666628166586,False
-0.2713535588660011,99.71245001577111,False
0.0389870314932689,42.6181302235973,True
0.15351615815415462,45.13870243296755,True
0.12156900760208043,16.362382119166917,True
-0.22058455243155217,79.48095487499293,False
0.1697433770780287,69.36822257814886,True
-0.21020073000255995,22.07696127887604,True
-0.13968024147258581,8.238104561584269,False
0.19719312409441933,68.0499302074713,True
0.11970631923777174,65.45112142811352,True
0.27937872839534234,27.32595269982093,False
0.1260903138402747,95.08635622504103,False
0.0546468826683773,15.105789178090024,True
-0.32506018573752604,43.23348010426019,False
-0.10582735755245319,94.36159201675989,False
-0.18783810585461966,41.97273169261223,True
-0.20480828529673314,63.85259476640856,True
0.3784084438019565,39.75943979627943,False
-0.08552182026659168,27.421520234867003,True
0.31363724414169064,98.39776479598282,False
0.10491090079781032,40.9334006315043,True
0.23584904283331876,89.40992036791344,False
0.0021096744841536895,22.995460589108617,True
0.06152310770108729,21.31047040250833,True
-0.005985844944908881,3.113408288451136,False
-0.2438056097615644,65.1666825375885,True
0.17796169220920427,36.852634372376116,True
-0.17538211004731538,86.4358249839637,False
-0.38054722685483694,47.32099066915572,False
0.11637783672573426,96.81934279147217,False
-0.2583114564743609,18.552551570312115,False
0.3523668674823315,86.86231679556109,False
0.36314286160206993,77.65968527917417,False
0.3318915121763588,77.0921844644052,False
-0.1038730397956445,84.47832281168877,True
-0.3876347067769061,76.10239909429988,False
0.3426548500701803,62.62203216314154,False
-0.05745268134614854,13.124487768238758,True
0.37332385523493566,3.2526179491251916,False
0.3708959816714023,92.08478478156869,False
0.2824075643738881,61.665031452073805,True
-0.16444088634433146,79.65372909761763,True
-0.0919218171184598,48.152235151255006,True
0.28090933721348554,11.730818896239448,False
-0.14646239587497786,12.518579220255043,False
-0.264405802651126,68.55652872289714,True
0.04544100996668013,43.030589489946266,True
0.3489238193286248,20.052472670033673,False
0.1568238373399784,49.15945467414369,True
0.05604893607149197,6.420893707513409,False
-0.3222588049833852,58.19714019143988,False
0.09200578135933579,26.899340443509768,True
0.39204308008341066,79.75591006371882,False
-0.2879327878107808,31.036195892357377,False
0.014663721890989391,45.52201490818012,True
0.3018984575423644,1.1620539908100636,False
0.19261489420336356,7.244688779455888,False
0.1576125927962144,39.24935564066848,True
0.16198726718968742,47.99388347171235,True
-0.11240707902419587,60.00205481193037,True
-0.16512652458840532,29.166257870930323,True
0.2474889243828109,69.49818861265426,True
0.24809071574334463,86.01223971892045,False
0.29365785486408297,77.98509888933498,False
0.33059244204517707,3.9618825348357145,False
0.009073919088750238,48.0506947257829,True
0.0012130357497596835,10.493017841817487,True
0.23863614317342013,24.204501586252746,True
0.11997114462221213,98.66625932671465,False
0.1615735018061627,14.249554290151323,False
0.23663413554888085,49.888815345135605,True
0.31200427345405307,61.81557343181191,False
-0.12960387451877137,70.2464970544104,True
-0.0995336378880448,55.96486834869141,True
-0.3248144481273048,0.9770847419183659,False
0.06262411279693918,32.64613082439919,True
-0.37124618096260636,51.771164338471145,False
-0.027521585494031876,8.786649914483336,False
0.0341157077660613,35.06269312091808,True
-0.1707669982973725,3.3203108791366565,False
0.0726666084552086,7.857849715502074,False
-0.3755998000487605,39.69232762015961,False
-0.3701214490006285,13.271575404306034,False
0.2580804485277266,56.75408482615582,True
-0.11184748687098969,68.94649691372658,True
-0.2983515898784922,80.05866991090829,False
0.017794608043843498,20.01502442448101,True
0.21599484247888867,16.748258225906977,False
-0.22734317800252546,10.456784033440025,False
0.0983123806552002,63.64302495436367,True
-0.3317220280049856,70.64757264869012,False
-0.35865462306511386,3.1586144825642037,False
0.025083705254518397,93.62122462436898,False
0.032508097288085215,5.1971283651472415,False
0.10994392119856525,54.12963353010704,True
0.18087306697812924,70.90605194509165,True
0.3806816635700277,87.09691237460856,False
0.013040278640956249,71.40869321324278,True
-0.14163482164700322,80.17280830697918,True
0.23614895581496295,33.94501925428061,True
-0.18333419899034065,81.48251137465122,True
-0.048822863435491116,8.011484638467515,False
-0.33723489492618725,89.48166560605276,False
-0.37971940526763404,54.75923761537362,False
0.37011873174234006,81.72977699624937,False
0.2687840964097647,45.23182845183001,True
0.1567793648749584,64.35776951965249,True
-0.0728376444685841,52.640266093611324,True
-0.26136454394332337,73.15895217553319,False
-0.27485036586313116,8.162998203058958,False
-0.19980568146832375,6.03520839905638,False
0.03938133176489638,24.710323401014644,True
0.17167673816004989,15.954468011318834,False
0.128157901374185,87.17835665922017,False
-0.17605288244324574,21.92139873580443,True
0.3638922245305553,97.58652558191314,False
0.19031753335661483,33.68957917711069,True
0.04348324200912055,18.211791568869927,True
0.0893765969874818,78.96985071424791,True
-0.06431995005776807,65.87077755008761,True
-0.20181520839907405,49.8195716453139,True
-0.11522185707899074,55.53635509376312,True
0.2062768883714953,71.92017782722638,True
-0.3884852090961953,22.845474133129873,False
-0.30714188759446703,99.63339160567419,False
-0.3631978863825978,97.4793162146783,False
-0.3674169581448239,65.03256863469369,False
0.28436846720880576,19.954245092914512,False
0.16292628750401894,68.02282424312914,True
-0.020660936730139846,7.219840897917584,False
-0.3217326714791988,3.0652502205806065,False
-0.006707299906534115,25.76828885112137,True
-0.021222583375547457,46.26229567393163,True
-0.2614385040719879,86.82725054083805,False
-0.05291868060962157,72.7169069766308,True
-0.08119621248210125,74.2706521199981,True
0.09268007844177317,42.54933344480754,True
0.10807492069411505,34.59349925469629,True
-0.3637567921823644,37.10387629846027,False
-0.10030990829882303,98.76495637360578,False
0.10068793257138911,4.010919141248248,False
0.0025090068640701625,86.70314961224486,True
0.28519187295065784,57.86754085723934,True
0.12695490529515602,43.86154191895905,True
-0.26965245833485624,72.52576604151365,False
-0.34354500207965616,48.666894142470284,False
0.1139354225650525,87.34232380816606,False
-0.37879095156670256,90.07018640112585,False
0.06862046501877064,42.17209268734554,True
0.3521841931399661,27.682779723505156,False
0.060379342300703166,59.23503285933622,True
-0.08946405903478248,91.2363345616691,False
0.11463057475388255,21.066218900566657,True
-0.0333976876067867,62.296658356348274,True
0.03649343145274795,63.156022009252055,True
0.3531718470212202,73.3113022415281,False
-0.09111788975938061,13.15676851272598,True
0.3689524510591314,71.58249646820886,False
0.324280513564851,90.9032520665641,False
-0.24336709216856287,17.968310887024195,False
-0.34451095929986764,23.754332492387764,False
-0.3193775988980587,97.13950940416396,False
-0.38542253947876026,18.097695270948975,False
-0.3244456313952573,85.4385093369579,False
0.1464054187330855,49.227785644803475,True
-0.3430490812318168,24.723107440317705,False
-0.14481949576499095,87.07499012725114,False
0.2759002487755637,44.53052550026655,True
-0.3813824514113393,51.48173539296902,False
0.25157478607114864,35.92333693997657,True
-0.17451618018128007,59.29508514349274,True
-0.305468137902675,16.352387258502276,False
0.15738973229132053,39.10815366517607,True
0.1031542774239072,96.94123223352875,False
0.3019776108216424,25.813343270112753,False
0.18805683504310863,65.67366645412922,True
0.24278474430787889,32.51900642246949,True
-0.1743723419429548,77.34731256866006,True
-0.25804836497622174,13.087366071834982,False
0.20049180131268668,96.98210450785447,False
0.24546779141381123,45.37895413836392,True
0.3924041136005387,23.605046334646396,False
-0.06990585847085883,7.349674733001265,False
-0.10238553136577347,16.975790508754073,True
0.22113036859359747,51.977394855601766,True
-0.12735716779758574,33.70031764312863,True
0.3446058604828518,82.88833658826094,False
0.2867302014744095,43.08875236618059,True
-0.056804778099985326,24.871427258762992,True
0.2006968542331979,61.714498660403,True
0.2036342992677459,70.67772168854458,True
-0.31750090493125394,16.704190790094987,False
0.32204232534365335,16.761921628831765,False
0.004201897958285717,3.667142693354297,False
0.2611659728861933,73.64020150656405,False
-0.1439603191755106,66.38045276218051,True
0.3164185827969604,47.46308757498139,True
-0.08863865701266951,84.41704489691972,True
-0.3913298788157613,80.56701529500532,False
0.32430558113541097,58.535436439675216,False
-0.3269706585710932,86.82712805132586,False
-0.1445490899276681,20.584121003676824,True
0.36004957364064394,11.191961939772789,False
0.3604857175500449,26.974961151698963,False
0.05875031049862889,5.708685608931486,False
0.10546976973583942,53.1169528001032,True
-0.04124358241734419,93.66056922949615,False
-0.16543138264154839,3.9343540668509647,False
-0.13706836370406725,12.21099140100268,False
0.13801476486163075,45.21990282834353,True
0.20189962355014401,93.38750175279048,False
0.23326323498067883,31.61561049767505,True
0.23169451423564313,50.723480868839246,True
-0.32703511756104775,4.15728590503921,False
-0.004463756237934824,14.834320096208886,True
-0.3539529919866846,98.66301229588468,False
0.03962310585898843,96.51186964360456,False
-0.04677559890129839,0.49399809344096157,False
0.3101633462066398,95.18117854232389,False
-0.11926798995833705,63.91199378155004,True
-0.3063463868579153,86.79182945200222,False
-0.2856066543577313,45.47398556338591,True
0.2092085053739778,51.55960285792502,True
0.09457445065300885,48.88465802569202,True
-0.3191018591017678,66.68642575461044,False
-0.3327145551080021,13.96512547563129,False
0.160775305167296,2.9973589872677953,False
-0.3417895949086452,30.79299415911909,False
0.257488047432285,70.46807627366466,True
0.16499378172519696,20.185345212294838,True
-0.3349209754864802,67.34324333249174,False
-0.3321298287318465,96.99120461072704,False
0.3893116628009404,9.39007157894184,False
-0.10058336339510375,67.26021182251263,True
-0.10348628234648727,44.375021930457116,True
0.25023965380600205,86.81422543775054,False
0.357798861907087,17.71497894473859,False
0.38880085105829676,69.26259522261645,False
0.2027025482071533,83.81152896481102,False
-0.09899233157526739,94.46142194740233,False
-0.333199426641065,68.32480282896458,False
0.22171753274194944,49.71747640084273,True
0.04672339978864404,61.78472402012139,True
-0.06062239260241897,86.89049844787182,True
0.3250835080757888,57.060974663882966,False
-0.3110420141550789,3.038705969683686,False
-0.00589991656731268,93.09486955069778,False
-0.39091708418606474,68.95267510315611,False
-0.025071486404698987,67.65133857772466,True
-0.35495737945453015,21.567515239771716,False
-0.3049456669855425,65.88854702326572,False
-0.3059790025783161,39.386440565415846,True
0.11936824169285086,65.12329770414921,True
0.19683590341233864,10.659303030799073,False
0.0666950120777277,65.7845304603036,True
0.36973803877963357,99.94137257706666,False
-0.10010353638103675,4.821203886055603,False
-0.17143033097451144,97.71741842213173,False
0.29487930255156825,40.690796072287064,True
-0.2211233291844379,87.07534503372591,False
0.3705780315524891,78.23854840582734,False
-0.39027642024814696,56.70162609866678,False
0.37590306136611124,73.84492092513266,False
-0.3654720704395391,87.8515561301348,False
0.3129144909584569,40.4140321651033,False
0.022160887269039888,32.70331615632387,True
0.3943718368954403,66.75933855635847,False
-0.34096274821168093,80.78459419412586,False
0.04308342752105663,76.22851347766158,True
0.3754420284952792,79.78136488586345,False
0.018478275336119055,43.5583314812933,True
0.10351891050821004,81.78342161750216,True
0.15659895118769374,12.020905537060845,False
-0.03636714818578142,54.448909796084955,True
0.10204646406725076,0.575866049812157,False
0.06745144953848019,32.45858299002703,True
0.3209264083927912,36.646153487139784,False
-0.3636428957268337,39.61726916092554,False
-0.17522944832621576,69.54672066898621,True
0.360329187261247,38.85581012703457,False
0.3122110271127331,44.86936226225306,True
-0.03547459777142965,23.754413087432745,True
0.0961060782412294,37.325179162934006,True
-0.17809505361509387,22.726962726315147,True
-0.24950307222099097,7.319592376844364,False
-0.029041276048014278,60.34485933813779,True
-0.11731821757915775,66.82127985550163,True
0.06692488948069766,61.94903460096145,True
-0.33781229042801214,46.34940438005724,False
0.3795158461329332,37.978578017922985,False
0.38896859558368235,86.33336495718252,False
0.15852937121579613,51.908178513621806,True
0.028877093075296314,47.9181877629731,True
-0.1523779069709378,2.5642065806435688,False
0.25103601576555895,34.12478276261564,True
0.14778493804310341,38.019561878585705,True
-0.26990644852408696,39.88227808969005,True
0.328741747595074,58.017236922733225,False
0.2580297943385352,53.360254672687844,True
0.35983993063353925,60.79050927934446,False
0.18057560671068798,76.48832615421283,True
0.09073215674863189,81.29857387160935,True
-0.0654055709675049,71.81230762264944,True
0.3461827866832106,95.55236959549347,False
0.2928511116003267,1.823258267636163,False
-0.3638250639150485,19.57779856835461,False
-0.3789064204021984,0.756287497814212,False
-0.09882930649756033,64.7474714154603,True
0.24844266462546633,89.8030548949987,False
0.3898209034519556,24.34822965762993,False
-0.27966648711717745,92.70345447963066,False
0.07530457228170812,6.026739028956085,False
-0.0952873146951828,93.44360268055144,False
0.3759315182516826,35.16226872396344,False
0.27369513850856697,10.142082844921651,False
0.2706629637689103,48.58717591863256,True
-0.025045472164023776,25.677656772050796,True
-0.06814439812986786,28.487290196192284,True
-0.18127434245543503,30.728996492628657,True
-0.35489960267925835,80.30258978326634,False
0.2917779010040426,53.91612766752545,True
0.2503208073040621,31.130769915600364,True
0.3997741386289045,61.03337833109184,False
0.39730946965912434,71.61506742231936,False
0.04434536448210196,27.262400073353376,True
0.2151899321444084,41.354910152535155,True
0.35581258390594245,12.188609333694755,False
0.2797179125419292,18.11493495346803,False
-0.2021215186054419,68.11178539649828,True
-0.03956469175192519,18.143834769562694,True
-0.296672467878804,52.516338366706016,True
0.3632408218069779,70.90462617224327,False
0.08493970756070404,10.687692309474384,False
-0.21708575559722984,56.73122196289035,True
0.13736054752468538,25.656278370136377,True
0.09450259236631667,96.29268752375798,False
-0.1134698255737276,48.35456467199247,True
-0.3091539262402968,80.59925497751581,False
0.13725855647423968,55.022654215626176,True
0.01624616072303464,4.341253285481916,False
0.21785471338851148,63.31513755940223,True
0.01613080088959471,95.14033422066571,False
0.28174520025483213,60.16118201463312,True
0.041525471019588436,81.91888594267903,True
0.04875037722830902,88.42064633484078,True
0.301322882126676,22.807977194893247,False
-0.07721370703008237,21.204483990822666,True
-0.29278781723948744,61.09809888509917,True
-0.37697385894932883,41.10284698067047,False
0.2041098045388952,83.98613028667204,False
0.09624764108277173,90.00231233980112,False
0.16326381447937888,35.34213793027181,True
-0.22962867079287141,23.687055897448207,True
-0.2909028195305842,78.05255152438619,False
-0.38836426746569447,27.48060355481361,False
-0.11952995295472242,82.26143185136785,True
0.07193414948370647,42.37382536487628,True
-0.08620476392021414,66.75498992914704,True
-0.05002006238101675,9.553531383466819,False
0.32332695559499874,62.3859324676573,False
-0.12139562638135973,45.17676787372291,True
0.011191591327848638,58.66084631754741,True
0.22692241019291448,16.801420774486342,False
-0.08276577414298388,73.68737449441821,True
0.0976693601822988,86.27970775432286,True
0.28989096699739614,21.673980009077564,False
0.3596164989261137,9.571455552016172,False
-0.28234121525676964,2.3638586046336396,False
0.34127010012919556,64.1971500443266,False
-0.006306965536369447,60.70940360887808,True
-0.19340448936083332,54.669741271407005,True
-0.03269139500939096,23.194709611597542,True
0.38402606022838165,39.09059959055147,False
-0.0059055248057043215,59.4476335186173,True
-0.13699871176999343,49.67668588591694,True
0.10672068345338062,98.77855202148874,False
-0.20788350497744557,13.643975255673313,False
-0.3393093375130689,69.51445540475937,False
-0.2968962224714806,40.431876810429216,True
-0.29756332883378206,42.819961492561475,True
-0.27847784519016455,71.75977656581762,False
-0.2889382618804719,69.24361513243696,False
0.11269979584257168,99.12559937021884,False
-0.25449593248068414,12.839428945412523,False
-0.12346617334090944,10.410964938416633,False
0.3174307279248095,72.43388171287411,False
-0.02083068778970212,57.83869170064091,True
0.13404619081682176,27.416066655980586,True
-0.2621441030386961,7.9419368988986605,False
-0.24616878495306338,8.565824959643054,False
-0.36730510698681695,89.41908746641182,False
-0.2648519495422684,19.18673247187429,False
-0.1771277287744331,32.33715621155208,True
-0.25839161257860255,22.6656402226988,False
-0.32903797299435555,35.49963058319373,False
-0.3034913031195194,6.942384274609337,False
-0.031376985573819384,51.90597909082704,True
-0.234933025275366,6.76125635922149,False
-0.10858411116153964,80.03565078223616,True
0.002733816683885504,23.3712081910433,True
0.15231586290349225,54.00119146045106,True
-0.3685502881271209,88.00790875614582,False
0.23952831912723413,65.08773690471942,True
0.10232031159272621,53.29577865513353,True
-0.3345927744409025,32.43337531153756,False
0.2988628992854218,33.300191305819794,False
0.33669792042545055,66.94869551981901,False
-0.35113763211610904,99.41393612211675,False
-0.17849788148223703,66.18391898493786,True
0.24496102383444907,55.77834173700249,True
0.1986077523069267,73.06505102392461,True
-0.25238318451489816,46.52056122837182,True
-0.23252054133063177,6.0142342600785215,False
-0.10362231776689441,56.22968158779098,True
-0.012381611847182939,95.76252845053801,False
0.09460381722423677,17.530294235765965,True
-0.10486908834418207,69.00048908206658,True
-0.029972227093481685,20.093368865905646,True
0.19797675050700525,53.582768447308126,True
-0.3706534376875217,9.667644964671961,False
-0.1980504445247834,45.037093625818514,True
0.17067966870764195,75.61633288952461,True
0.3161654701497595,34.757152423898205,False
0.009341953692532901,66.4911724487218,True
0.025690788212252527,79.54499607897291,True
-0.3142623909281792,92.71778194794527,False
-0.04207010654123629,23.464208185545353,True
0.026093813164018532,39.931591580930814,True
-0.2060235970922163,15.241601333041743,False
-0.18460541524049523,99.24835021583752,False
-0.09817266951630188,92.70009679242953,False
-0.3839430417778189,53.99571302805596,False
-0.1423366675334574,84.20332943764213,True
-0.2308415944027643,52.09579772720422,True
-0.13800211825766828,62.35856880027597,True
-0.30419029454459906,8.912443211601662,False
0.312421824591916,75.52704204968079,False
0.07487396284323893,12.771348363523483,True
0.14328185531559168,82.60676302525283,True
0.23133699088587065,78.20280876703859,False
-0.0012462408567541772,70.87446977429764,True
-0.33046376953006107,3.6160380524762115,False
0.029685233454838224,30.31283559453286,True
0.0694728944167033,26.311256991084285,True
0.196351579347464,36.01364074715191,True
-0.05467236301625649,8.764274676383854,False
-0.297935757763549,93.69578230310628,False
-0.17297927536102042,55.38022407123763,True
-0.10953416288109193,30.552431065802356,True
0.11673379306528098,39.698151707428345,True
0.05662264373512951,44.72025405048357,True
-0.11512261928172302,60.05943333606173,True
0.38921219903438375,51.567942769649775,False
0.08461985548550972,91.93919732144174,False
-0.21021856661120442,49.696348290583025,True
-0.318574021903677,99.21580148233127,False
-0.2777126886525344,85.14249577450957,False
-0.2032338172923935,20.85105143573358,True
-0.27145490139235545,93.05952146439162,False
-0.2507463807589554,11.636639788547608,False
-0.17192386504492232,81.74497084911916,True
-0.2613011237641962,38.06232934765801,True
0.31741233970114013,87.79743204450695,False
-0.33581300347068627,86.80566901074504,False
0.01960911165620374,80.59254001176211,True
-0.0716825384082708,79.00304363070614,True
0.3859028935268851,30.46791390980408,False
-0.31036887826555815,8.091928305125219,False
-0.0817155207634067,40.29801787651615,True
0.3755763466202951,17.35245149865087,False
0.29240570071518424,69.49510889024617,False
0.2536576567594239,34.609972653778556,True
-0.19367773836404814,97.56102008599149,False
-0.2632899300879474,64.0972077345332,True
0.13491457593954478,82.24805636343609,True
0.3435007913020687,13.252467274184843,False
0.04541031441114383,86.20144822726226,True
0.05729015157591988,92.27571905133944,False
-0.17601672507177268,48.70619188189359,True
0.21559434655354953,60.625293775097745,True
-0.2503650011539813,76.48098009029954,False
-0.14105661087660507,17.483862726041256,True
-0.05965084910686658,50.25660764634424,True
0.006088302947564017,39.86630277723131,True
-0.20607221406793583,14.63739921622491,False
-0.30813054020863717,36.753442229153144,False
0.08849603395330607,6.817230938549357,False
-0.1690955574077954,2.5811906949486985,False
0.06499057713808983,13.516628915482276,True
-0.27650982778063815,96.31151115891738,False
-0.015087918516146015,54.952953589501696,True
0.02607154604126869,96.582216115322,False
-0.3585411705420585,43.2497878330132,False
-0.13071657744486354,31.181613308525957,True
-0.29246825844882063,50.61418628402441,True
-0.3493000236217858,43.95116886329101,False
0.3919681859119562,10.566468426174392,False
-0.14211692402022164,64.08263146902063,True
0.2478995566837079,21.60381825095996,False
-0.19628747618898892,61.95879548978296,True
0.14520217777914343,65.02010923981534,True
0.20818228791174925,15.20248531286481,False
0.07651099248627542,6.134962711066816,False
-0.022739049159873306,78.07615860684398,True
-0.07052726868218517,45.98004237693202,True
-0.12090538676560376,5.816379550547579,False
0.3436233153982607,99.48663171697672,False
0.2644955262301833,5.778056099636664,False
0.3720215285332101,69.50352288585532,False
-0.30056222121156423,98.36789252634136,False
0.1846939801629154,23.918010421592562,True
0.3506723654568303,14.224936868719617,False
-0.25501354706747187,12.138493942242889,False
-0.346802986106578,30.327514756759555,False
0.19289651943204725,10.10458110106467,False
0.059578490543929524,69.2161341694132,True
0.27346302140661766,6.229179813006269,False
-0.28818209869896844,50.94221281497897,True
0.23621384948791216,99.66968538529768,False
-0.2386981439618044,81.39702695060188,False
-0.2690752457074364,61.52194382310109,True
-0.26858736165520564,30.625362078661166,True
0.2516597761851057,62.389583629163845,True
0.13215777655696012,52.70414639116516,True
0.01845233981529546,42.60833838903715,True
-0.11293561270119801,13.071037674019948,True
0.30176043265048663,88.66042152404667,False
-0.0860439140618917,44.97846488213225,True
0.2532795515772617,19.462251182076507,False
-0.04869207314382527,36.77593508772896,True
-0.09844445646007394,41.4129752528927,True
-0.02985617146431485,82.75378955668742,True
-0.15889770066868636,73.3614380561402,True
0.1980875041410009,76.93048936413398,True
0.002176312073983322,1.1031264428647214,False
-0.21422984388254618,41.615399817976154,True
0.3196596586196548,48.13441516353236,False
-0.09288702290143087,1.9192276823056686,False
0.03484228889119088,25.98132087450342,True
0.32517768877163755,76.0289823122135,False
0.09939039673119368,13.710970572899905,True
-0.3064815674333088,53.531013145259166,True
0.3518656988907801,21.52018720172375,False
0.1021664424571343,1.2120774643893273,False
-0.1320755082743311,24.12014575995415,True
-0.2885823418692902,97.58737549100537,False
0.23522015141623678,80.15371118829896,False
0.09605820474281082,95.95766443210334,False
0.02676887358105722,48.785404392636245,True
0.3151140664407661,10.973619867750351,False
0.23087776897962461,54.79594889736929,True
-0.27866009621379906,45.43773345599609,True
-0.15062234576356143,84.4357082739616,True
-0.2012086881484274,9.808258078424458,False
0.19515703405814158,48.82411370217782,True
-0.3731740522113765,15.004866469398426,False
0.05591174789705322,32.467592689006,True
0.20996694859255244,73.73570773877996,True
0.30141250940939956,47.601812936876655,True
-0.12633460102727403,37.58882851457693,True
0.2570058437376103,39.44762785700353,True
-0.31149461043583426,45.94467684059866,True
0.2771618333876146,78.50165438370568,False
-0.2980090701344141,89.20846889402344,False
-0.0821701675517062,95.53346865039283,False
0.23783629262364292,78.6903386255295,False
-0.280066058120981,31.540689574801274,True
-0.2165988838138868,68.81347060865421,True
0.17780205471445304,43.760312405539196,True
0.17602922923685949,25.467062204605117,True
0.11291810630823784,84.08715794259226,True
0.15515875557368003,3.8426348962324997,False
0.03417955467807694,90.17619921354235,False
-0.1985607528744378,46.147746462473414,True
-0.12344320519686446,63.72014768082804,True
-0.2547218265588595,65.93539222057827,True
0.3267604490669027,89.51177407065364,False
0.06671343581289638,63.66696821672073,True
-0.0793188665890881,61.39335847600618,True
-0.030395357084693854,6.665204056068996,False
0.35782667168945226,51.84080219452041,False
-0.27731887750713585,15.016900081704165,False
0.06898386561343779,73.74337687214856,True
0.004710943107572785,51.22219208126745,True
0.08916338834771827,68.02277792083532,True
-0.3855118529433276,4.167290060238427,False
0.2976991271553212,8.479201604580322,False
0.34569462598688994,71.63233880626822,False
0.052106546871367156,7.208433599867337,False
0.15732065910151383,7.12567277652586,False
0.33799950494183656,1.210847523488745,False
0.1657909074507189,95.65013982994802,False
-0.2779687656685909,73.75083594590069,False
0.06103068813345054,35.32514085020642,True
0.08537203710628471,29.65355812876552,True
-0.06069546295809119,34.97032297458495,True
0.18915538849977828,77.46535311811819,True
0.3474936118152119,66.13706110704143,False
0.3404548103254211,18.519556786746794,False
-0.039328502876694316,17.410933533408436,True
-0.30940956332739583,9.839564971339732,False
0.3878729591698677,66.03027197013381,False
0.2711184691567473,76.43726622217359,False
-0.30026985503738657,26.5046428325004,False
0.3366735060938979,2.094496103091281,False
0.29591708964970265,8.217166747642734,False
0.015070445700857693,96.78600348450304,False
0.0730203485959434,29.544477747742025,True
-0.0807978369038958,76.92231478381336,True
-0.35619068894237493,62.46635688542638,False
-0.13184220668327926,38.19396396528959,True
0.24228275887840917,20.56872621955551,False
-0.39629438159631775,12.138641815940643,False
-0.13320066264708466,61.50129680388666,True
-0.08146504512724535,77.4633780637788,True
0.029916482350338305,64.39042535411306,True
0.3358844931302084,53.030213324915835,False
-0.122923204507231,4.195122343163627,False
-0.12243743848301786,96.84887775943838,False
0.19000099848779872,79.87141916545745,True
-0.03822564728815428,29.282203670096475,True
-0.22031614164801444,97.99703293588506,False
-0.03804838709384528,60.18815896363221,True
-0.28731438369616014,58.24226582072465,True
-0.25889041079502134,74.8073179429532,False
-0.0013057818084162066,81.17697880901376,True
-0.06485964039636168,65.64786073315027,True
0.33187672085448006,12.809574636620003,False
-0.11008488070669352,33.82675059944984,True
0.06447068022243477,92.80836403260497,False
0.1058114303356243,22.461561184385193,True
-0.3895244347293331,37.21670238375133,False
0.13082989761336847,43.2076882944196,True
-0.2575712265041989,43.940498969445215,True
0.36885625397556415,61.29395824945255,False
-0.28106981779750967,94.30758377447076,False
-0.06830070101838102,24.069271183250496,True
-0.33172026553708495,12.150137630091805,False
0.3974994014767579,19.747048985993732,False
0.001756008264994069,88.69249002092695,True
0.07630801385603503,64.5810812655206,True
-0.34633881808925804,28.590678923916013,False
0.19996837631934225,81.59469389686173,False
-0.2320755255235314,86.1369996363436,False
0.31844343155257104,84.6514338690278,False
-0.2358882876143943,91.89265336395545,False
-0.24744982346906674,25.224102017336158,True
-0.3707602657215241,75.50419287462783,False
-0.022346443912000604,46.053949727414,True
0.05187290661009314,84.19985528900615,True
-0.34743308845731813,72.84906771616131,False
0.22042209335600849,77.64474464997247,True
-0.03736893220157791,65.61618376810715,True
0.019512215462064032,17.742876946970686,True
-0.047389802449417484,54.502691889693835,True
-0.07938955129973922,98.46697395245081,False
0.04771226504657431,93.73880664971189,False
-0.27580780325543003,4.317373579701167,False
-0.2544574956037831,16.481481572943714,False
0.28942849681081384,13.172877345456191,False
0.3568923697069062,72.59799099852955,False
-0.10135254697619765,81.77853298569451,True
-0.18340426148515698,21.35113663106719,True
0.11519963459121262,50.5852692951829,True
-0.07301266312152288,84.07030280112,True
-0.3796909154717241,73.28015447662506,False
-0.27507792210704773,54.223720549184826,True
0.17277778307791802,59.03476904587729,True
0.12713915352812108,50.83605469162799,True
-0.37832320599721325,29.754845131882057,False
-0.22242227045364046,56.50219928590161,True
-0.2151401627295429,68.88853020500906,True
0.13751419487898273,87.33229158608077,False
-0.3842315697965087,63.629135397924806,False
-0.31671313441234095,76.1121537043158,False
0.2399328682985515,16.0071634954573,False
-0.2571642703565331,46.15574744197899,True
0.12219688628149977,0.9331619827093296,False
-0.2094537751626188,24.667886452162303,True
-0.3204468857925239,72.64617151130048,False
-0.20546224720043674,99.18099513493634,False
0.17781354548452732,9.917809958721591,False
0.2845571744850286,40.14943158612883,True
0.2641758916535933,80.00709686991596,False
-0.08225317630523615,20.403563462889885,True
0.13446810925651695,55.50849493022862,True
-0.23601256366734324,73.30712960296748,True
-0.1654818157911894,61.5985450260179,True
0.31706865481689583,18.802473461541613,False
-0.38959846119141117,35.538456868573945,False
-0.33159317531642557,78.37917844853972,False
-0.23369099588317815,55.42265141320166,True
-0.37877423690094425,0.5229613542912737,False
-0.25485165192816217,76.09907600280938,False
0.06643324877575374,3.531135494023907,False
-0.06286035952600165,74.57337827312321,True
0.3141373688615799,20.24805601652374,False
0.25395484939075275,95.80734801193802,False
-0.12654611864169923,36.79407513020845,True
-0.19246125325496602,32.69316163380791,True
-0.09624607346618648,14.888805033244468,True
0.0722359540118462,30.560421549021488,True
-0.185549087341699,87.66507618282006,False
0.09931912627930722,99.63343376272474,False
-0.07247067824700766,36.83095305068483,True
0.04163774468158419,44.861063095454256,True
-0.05109877669174665,72.2070938202737,True
-0.16442739236646586,88.61957804650746,False
0.35876264556972537,59.304433418678414,False
0.21088463532780866,39.15256981778293,True
-0.287909459386838,41.262184084862376,True
0.29477438071833023,69.56181464968068,False
-0.010055041400389087,0.32182636042786816,False
0.31564178151527317,61.95893374598407,False
0.2398842047578522,35.54930104413574,True
-0.05982919642461324,79.41973312770843,True
-0.3820245533439061,9.299063982313216,False
-0.18505811249204315,58.82022669483905,True
0.03330737172869354,48.09728898861238,True
0.10678257586091783,64.23255259052274,True
-0.1936898516534382,6.485359448296835,False
-0.2885151407417407,57.99837874281313,True
0.2679441894394393,56.14845879595237,True
0.3875217445628417,56.06600944161709,False
0.020552145842148664,60.34876665964548,True
-0.2626565713213572,67.64679372263622,True
-0.18215413878450484,80.49889996807697,True
-0.38528745876202664,26.982072012821433,False
0.33143904524839923,82.5049410180062,False
-0.30579913368788714,49.82556822634536,True
0.06121318041140285,7.705827913433117,False
-0.18075582345023522,5.85509292439792,False
0.04334240201263473,33.42383186960608,True
0.12113631068149139,78.48969771114676,True
0.2637934429657613,70.76809347409157,True
-0.23486298259151744,78.86149646724064,False
-0.39120333707321564,51.72690564416094,False
-0.2904914959449542,44.01989979554906,True
0.3200149134784841,14.745252670628394,False
0.29911206205001223,32.81927536093116,False
0.07793048173624664,43.40193661738753,True
0.0804134883469227,8.860042967961723,False
0.1320293396370044,22.061195271121125,True
-0.25970297710124035,59.82252940637388,True
0.33152955673996787,73.56631142391899,False
-0.06498358008634152,99.83475113929497,False
-0.09348917740040204,93.31133313435576,False
0.01513416422627003,64.25651995351916,True
-0.36242722657995596,42.1248053294072,False
-0.2669733049951365,63.617736470823274,True
0.19042689314109637,78.56516180802319,True
-0.3337610656598988,11.833619092338733,False
0.08252168757311057,40.99048896962883,True
-0.20372071225494326,83.98022856356172,False
-0.08856350876641877,38.3832951933044,True
-0.16904501058344013,57.18722712271865,True
-0.1154618268280407,58.77693608621982,True
0.1752367241473964,18.447625313363936,True
-0.16230262750146,36.22354416522884,True
0.05312371223751775,33.451128874193216,True
-0.01915967824072027,2.6196708532064794,False
0.13093693229011852,2.4191763891355245,False
0.34946379145980644,83.16970436757735,False
0.18605767776820026,27.30708099728124,True
-0.2280476971273946,51.80787662388154,True
-0.37505349195097226,29.872557358877305,False
-0.19018876456013994,94.06792451153404,False
0.07606234456020387,25.929675886577375,True
-0.35885934921259977,42.96568127389351,False
-0.0029070022390109253,87.27302504846018,True
0.07747427913351138,84.19335667918087,True
-0.13260488734643136,18.610141784627732,True
0.21672976299665755,80.26433097957104,False
-0.31472139749298256,45.81868867378927,True
-0.339889774611353,48.29688720853552,False
0.18255100496288268,13.347997241594378,False
-0.0036069470350412304,8.060151375712465,False
0.15072191714218885,72.79393069737652,True
-0.052138129117003024,49.646115235529976,True
-0.20287837340871456,43.68507026151796,True
0.2552818541393598,72.95082286523967,True
0.2395327031751834,76.55128989911097,False
0.15575717668354142,15.890816766935355,True
-0.18228389021602986,61.02251494776413,True
0.07218453349526968,13.535408227768553,True
-0.11122088244797856,75.13750860290457,True
-0.3267343413386927,65.69551562671396,False
0.3338508603697943,95.6614621083458,False
-0.2905450952648309,6.895801635642118,False
0.36018988305664196,5.705472115125431,False
-0.04319538163363541,28.218707469320016,True
